docking_state,distance,energy
2538,2.417529,10.3077
2793,2.512621,-26.7936
1380,2.517746,-24.5766
3009,2.527137,-24.8751
2863,2.53799,-18.9613
2917,2.543531,-22.8028
1465,2.546432,-29.4833
425,2.556298,-21.8993
2925,2.571665,-27.0786
1935,2.592145,-28.8423
2385,2.592484,-35.142
1149,2.595704,-8.60949
2871,2.613757,-37.1069
1905,2.618965,-34.4245
2922,2.639485,-12.2243
283,2.645214,-41.4003
93,2.645308,-67.9937
0,2.655221,-77.5362
1613,2.655468,-22.8599
381,2.656406,-42.6487
3216,2.664097,-6.9943
633,2.674911,-42.1538
463,2.694381,-36.0065
523,2.694483,-40.9868
405,2.695453,-41.4792
2208,2.712766,-16.2705
1144,2.723136,-34.126
2092,2.752576,-27.2484
77,2.764177,-71.2336
1770,2.879102,-23.3626
2174,2.90616,-36.1165
2274,3.113185,-38.9644
951,3.176386,-47.5541
450,3.221242,-47.6065
2309,3.25115,-17.5047
219,3.310934,-33.1887
634,3.344976,-55.8452
2983,3.346067,-31.4291
1567,3.347231,-34.2403
1624,3.350057,-48.1043
16,3.358227,-67.9841
1174,3.359823,-22.2243
2138,3.384538,-33.5936
42,3.387065,-41.4623
2868,3.39861,-7.6176
2617,3.402052,-11.6943
806,3.40215,-49.1504
242,3.422143,-49.8272
2653,3.430432,-19.6745
564,3.444152,-49.5272
771,3.447379,-37.0154
1054,3.451216,-32.9882
1618,3.480734,-18.244
115,3.480954,-58.7321
1517,3.481176,-20.1338
512,3.498049,-36.2727
2479,3.515363,-22.8438
2817,3.533979,-34.8654
2278,3.5431,-14.8972
432,3.572004,-52.9618
784,3.574652,-38.1761
261,3.575582,-27.3616
2515,3.578069,-19.0397
1967,3.585242,-23.1532
250,3.605615,-41.0094
749,3.616939,-64.3835
846,3.6181,-36.4348
458,3.622485,-38.3881
2688,3.634095,-28.5348
1048,3.636622,-30.5431
2671,3.658425,-7.50701
2201,3.660643,-32.613
268,3.66429,-50.3767
1531,3.665464,-37.4517
678,3.669705,-25.6565
145,3.686932,-65.015
861,3.705646,-34.4276
783,3.723292,-45.025
1642,3.731611,-43.7839
1203,3.773467,-21.5133
1533,3.775746,-19.1721
1136,3.778033,-29.7401
2659,3.799088,-27.1284
2347,3.810993,-30.2317
2866,3.827315,-18.6037
1369,3.840714,-45.3217
2527,3.854748,-26.5802
1721,3.868817,-37.6696
476,3.88405,-66.6445
1314,3.885955,-18.6188
201,3.88892,-59.5061
3004,3.894372,-8.89953
761,3.898052,-47.9718
1112,3.912591,-27.356
2921,3.922928,-11.1467
403,3.925368,-61.7849
241,3.937351,-51.4745
199,3.937762,-48.2978
170,3.949938,-75.3327
32,3.952864,-70.0585
3252,3.958272,-18.7725
385,3.960867,-46.2964
247,3.977835,-48.4102
2640,3.985514,-17.2766
2462,3.990003,-25.8642
1234,3.992512,-41.6887
457,3.999046,-43.9148
1711,4.005194,-19.2363
175,4.014201,-45.9739
3063,4.016495,-5.33656
537,4.030796,-50.9469
719,4.031923,-58.0002
147,4.065752,-41.7385
2028,4.066201,-17.0002
125,4.07199,-52.9214
3222,4.085805,-18.2133
2,4.112296,-65.2615
1378,4.117392,-25.8217
1177,4.128166,-29.4579
2736,4.133383,-15.8584
531,4.161247,-67.4153
443,4.174418,-33.2896
2780,4.178041,-5.89628
592,4.193866,-45.0474
899,4.220389,-50.2038
312,4.228135,-59.0436
1127,4.237469,-29.4657
766,4.242289,-62.5975
1835,4.24511,-38.0077
1007,4.25475,-28.1594
1133,4.279744,-13.8964
638,4.27992,-63.6774
22,4.3135,-47.6291
1821,4.338551,-27.5594
1240,4.375741,-29.0984
179,4.390383,-69.0902
470,4.425909,-33.6623
226,4.467479,-36.0959
2552,4.475536,-36.4231
310,4.491117,-46.6302
2763,4.502777,-13.7671
798,4.507772,-51.4666
835,4.508784,-33.2159
3429,4.509996,-21.0075
1730,4.518211,-44.2255
1011,4.518396,-43.3995
1040,4.52945,-46.1976
3054,4.541096,-21.6457
1108,4.554732,-56.8394
3181,4.564229,-6.90282
3193,4.568062,-2.16517
486,4.580487,-44.7502
2532,4.583923,-18.7066
468,4.586466,-58.1414
1619,4.588268,-21.8252
3335,4.593885,2.96175
1117,4.602538,-51.1944
3183,4.605324,-6.24759
1887,4.61411,-38.9729
1095,4.62025,-58.8764
640,4.623352,-59.5796
1662,4.650051,-39.894
3191,4.67068,-3.41773
1520,4.670862,-30.2858
221,4.673997,-56.2828
1997,4.675924,-19.8413
216,4.680949,-66.3168
2778,4.682975,-31.7178
3378,4.684567,-9.7828
896,4.685212,-27.7659
2963,4.687888,-19.5834
2490,4.701196,-15.3903
3409,4.70322,-24.9765
1045,4.704415,-30.1767
2137,4.704939,-21.3838
916,4.718464,-32.5704
488,4.720438,-39.322
1103,4.721753,-42.5081
2063,4.73968,-24.2301
1132,4.741039,-37.7764
2913,4.742417,-21.4887
605,4.75537,-62.9795
2383,4.768378,-29.658
686,4.78452,-47.3965
239,4.789731,-61.437
251,4.795944,-46.3588
814,4.801205,-31.4763
1800,4.808412,-36.4472
604,4.809057,-51.2878
521,4.819343,-47.8062
1064,4.819457,-24.4897
755,4.825007,-27.7905
415,4.829193,-37.2839
800,4.830113,-32.7016
223,4.831765,-60.1873
2769,4.832307,-17.5761
1005,4.833569,-37.3634
3220,4.844859,-13.4404
3027,4.851248,-9.34371
230,4.872836,-35.1556
129,4.87689,-65.9651
231,4.876913,-55.5332
281,4.880865,-53.8724
2568,4.901579,-25.2636
502,4.916162,-33.0869
2905,4.916357,-27.3553
64,4.928015,-64.7642
1436,4.944006,-24.6425
1900,4.95053,-11.5251
1729,4.951376,-27.6889
860,4.953557,-33.2388
700,4.956574,-20.5061
1151,4.967351,-52.4105
1347,4.977933,-45.81
1605,4.978355,-18.7393
863,4.986179,-40.5774
185,4.990858,-73.3642
1601,4.994197,-21.9688
1946,4.996011,-22.8116
1602,5.00059,-26.3109
530,5.014539,-41.8568
2805,5.01696,-14.3804
1334,5.019683,-42.2281
3,5.021605,-68.921
3160,5.024051,-27.0957
3383,5.031165,-3.17067
1454,5.035732,-40.5276
1898,5.046648,-41.6201
884,5.047018,-25.2179
2563,5.052451,-22.3306
777,5.055193,-41.7651
3214,5.063564,-20.7182
3039,5.071689,-41.704
1566,5.071752,-30.6713
2782,5.094525,-24.7701
773,5.094866,-39.209
319,5.095406,-52.4283
3438,5.09552,-18.5929
1143,5.095869,-31.4188
2891,5.106828,-15.4648
3273,5.134931,4.45601
3358,5.15503,-13.8538
1959,5.158847,-33.5454
2283,5.162068,-37.453
693,5.171463,-53.1151
142,5.173815,-62.6957
1529,5.177239,-29.3737
3381,5.190512,-14.5464
885,5.190877,-52.3729
2038,5.191319,-12.5094
971,5.191381,-34.9157
3367,5.196221,-19.4356
760,5.209672,-33.8185
1073,5.211846,-33.9569
2315,5.217395,-50.0146
1113,5.219143,-19.1958
2948,5.223707,-5.79791
1255,5.226626,-22.0494
3046,5.235896,-41.4304
3437,5.242254,12.8839
1099,5.253216,-39.1865
45,5.257699,-65.3519
2980,5.258961,-6.21349
2263,5.270392,-26.8802
984,5.273908,-39.9698
2747,5.28025,-40.4838
218,5.292791,-64.3027
1828,5.293813,-35.3657
2906,5.296808,-25.2431
782,5.301689,-32.9463
498,5.32055,-40.0812
2673,5.320902,-18.647
2910,5.322128,-13.4461
2859,5.333042,-1.21205
872,5.347924,-42.9811
1141,5.35663,-41.0909
1006,5.361408,-27.579
2233,5.389892,-47.1124
449,5.398505,-59.891
3107,5.401148,-39.9322
2587,5.409126,-19.0602
3149,5.412157,-6.22244
3130,5.422162,-14.4806
651,5.437342,-41.8286
1702,5.43978,-47.0485
736,5.442542,-39.7834
699,5.443799,-27.0461
36,5.445659,-62.182
1119,5.45635,-49.113
1443,5.473906,-35.9192
78,5.477756,-54.3529
1121,5.481817,-20.1305
471,5.498224,-48.5222
3305,5.523432,-10.9884
379,5.540522,-46.6894
538,5.550621,-32.709
1368,5.600981,-37.2298
189,5.611638,-44.5195
1999,5.625517,-18.9871
3016,5.664757,-33.6088
2438,5.692611,-22.162
41,5.693924,-59.8861
2873,5.695996,-17.8488
3245,5.726424,3.69818
1356,5.735515,-18.4034
1284,5.745354,-25.6522
3078,5.763405,-13.9707
1631,5.795117,-32.9921
371,5.80261,-44.6896
936,5.826761,-34.8431
253,5.834551,-61.6619
1146,5.837969,-22.0766
2828,5.838494,-22.2438
622,5.844556,-30.2491
1237,5.858221,-48.2131
3000,5.86299,6.87185
3304,5.873072,-6.0966
2360,5.877729,-28.6418
59,5.878275,-66.6554
1413,5.887074,-42.2805
313,5.887352,-36.5312
3262,5.899868,-28.8154
2732,5.906212,-3.23896
1680,5.916045,-21.7529
1336,5.932259,-20.5984
200,5.934768,-53.0556
2412,5.941545,-21.53
3298,5.943043,-10.9153
3418,5.954534,-21.9854
1228,5.955234,-31.1798
3393,6.009507,-22.266
867,6.014024,-35.2316
724,6.027716,-36.0372
970,6.029277,-20.6247
1142,6.045393,-30.2658
683,6.067975,-16.6195
2945,6.069583,-4.32292
2579,6.072752,-34.8702
360,6.095986,-46.2059
535,6.096235,-57.1649
2834,6.102948,-31.5717
2535,6.115713,-31.019
1269,6.136353,-9.2415
1458,6.144064,-25.6596
2337,6.144927,-25.475
722,6.152885,-39.2053
3023,6.160104,-17.6631
565,6.161096,-27.2815
517,6.175621,-67.8705
645,6.205971,-32.1059
1251,6.210894,-40.7867
682,6.22018,-37.9557
1670,6.254869,-41.6984
1349,6.261811,-5.4586
938,6.272737,-35.4635
3192,6.283058,-17.4182
696,6.293693,-40.142
1516,6.304145,-25.1171
3459,6.31459,7.82547
2112,6.315035,-40.4125
882,6.324347,-41.8207
3464,6.340528,26.7939
90,6.340613,-63.5614
1427,6.343391,-30.9548
1552,6.353298,-37.1056
355,6.35546,-61.5605
259,6.357326,-49.0385
2787,6.362178,-13.0715
1009,6.376704,-35.9676
2155,6.377218,-46.2083
2300,6.393556,-33.5927
2282,6.396755,-22.3943
815,6.406963,-35.3627
924,6.41109,-23.9728
614,6.426095,-31.0232
1096,6.426675,-52.6269
3025,6.429656,-9.56105
2475,6.431945,-21.7108
34,6.441628,-72.3503
2350,6.442761,-31.5589
2185,6.45295,-33.0882
2100,6.457257,-27.3507
21,6.474775,-65.9248
1718,6.476344,-52.4417
76,6.480786,-44.4896
1254,6.484882,-24.1505
1576,6.487626,-30.2885
1414,6.503986,-29.3997
1696,6.507129,-38.3191
164,6.51689,-48.2653
234,6.520048,-55.0374
2869,6.52328,-3.87648
1715,6.52369,-25.7941
3323,6.530598,-24.9142
2764,6.535137,-7.53798
3109,6.553498,-20.4428
1977,6.555828,-22.1211
3035,6.55737,-17.0246
507,6.561534,-46.4628
543,6.565121,-43.4204
972,6.571287,-31.9625
1447,6.574243,-53.9246
2877,6.576441,-11.3757
944,6.578603,-44.469
1157,6.58307,-22.8508
1430,6.58771,-21.0773
963,6.592837,-36.5052
1625,6.598727,-22.1978
294,6.610576,-51.3047
730,6.612523,-32.166
3425,6.615816,-0.498275
528,6.623203,-34.9391
993,6.62546,-34.6834
1769,6.625722,-22.266
1067,6.627502,-26.9072
1324,6.627884,-34.3932
862,6.628034,-25.6608
1345,6.630186,-35.8992
73,6.633236,-51.6339
960,6.635743,-42.916
3263,6.647905,-4.94994
1243,6.652381,-24.1498
162,6.653611,-51.7486
1077,6.660205,-51.0146
1308,6.660591,-51.5801
2840,6.669834,-16.9884
2686,6.671723,-11.0229
2243,6.67215,-24.5832
549,6.672684,-39.9711
3336,6.677188,-11.3283
3104,6.683088,-7.78548
658,6.683691,-18.9635
1856,6.69177,-17.0043
2074,6.700932,-26.1747
1981,6.706749,-18.5425
446,6.710746,-38.8123
165,6.718577,-62.5378
1480,6.72161,-23.8028
2930,6.723413,-10.2095
2061,6.725767,-13.0217
940,6.726139,-27.4326
2523,6.728893,-13.9003
107,6.732559,-58.5616
2005,6.737264,17.0096
3416,6.748509,-16.4689
1008,6.749465,-34.3019
3080,6.749977,15.1638
3008,6.763519,3.35637
3135,6.766046,-15.3542
1131,6.769103,-37.3544
3413,6.772719,4.11711
628,6.774117,-27.0143
2916,6.775263,-13.7194
562,6.783645,-43.3758
442,6.785285,-43.3146
2488,6.78601,-19.3803
1795,6.788173,-19.0578
1278,6.794295,-15.681
245,6.797747,-42.5789
2919,6.802511,-3.57256
1829,6.802993,-26.2363
2734,6.805525,-32.4886
1191,6.81724,-40.7191
160,6.818811,-48.0489
1087,6.829658,-4.66699
3108,6.847266,-6.76086
10,6.847664,-68.3342
318,6.853514,-29.2547
3084,6.857182,25.4584
182,6.861563,-53.2562
49,6.870443,-57.8041
194,6.870449,-48.5045
2416,6.876226,-9.80707
574,6.892463,-41.3655
1186,6.895575,-22.5839
3212,6.904332,-15.6265
47,6.90887,-51.7584
828,6.909493,-30.3853
1697,6.915718,-22.3322
3219,6.917244,-7.42743
648,6.918337,-40.4445
3368,6.920425,8.38455
157,6.932401,-43.3786
183,6.932487,-42.6648
2750,6.934013,-14.7205
1765,6.937087,-27.4312
2111,6.939371,-13.3427
697,6.940376,-3.39522
70,6.941373,-29.4729
2218,6.946799,-21.8106
2884,6.950445,-5.36568
695,6.951172,-45.75
1391,6.96967,-37.9285
279,6.974239,-36.3916
186,6.979738,-46.0481
1282,6.984479,-53.2393
169,6.990203,-68.6881
3412,6.996387,0.870074
3351,7.002174,20.6119
1238,7.003532,-27.0326
287,7.005887,-61.5138
2932,7.030288,-8.17973
452,7.046854,-26.3961
2405,7.049344,-29.5815
1851,7.058123,-50.7474
1428,7.069657,-33.8842
961,7.076496,-28.2821
2562,7.077003,-19.5954
63,7.085427,-70.3404
2536,7.087659,-10.2194
637,7.105626,-26.3979
1260,7.111959,-39.0314
406,7.113742,-35.0338
2292,7.115329,-22.5274
120,7.116941,-41.6226
2508,7.119821,-34.1832
2030,7.120114,-20.5192
105,7.129168,-55.7919
3121,7.131646,-20.3793
2332,7.134504,-21.5076
3340,7.13483,1.95826
329,7.142961,-49.8097
155,7.148001,-44.4831
895,7.148835,-27.9283
353,7.150074,-48.7946
2170,7.150111,-23.9443
2202,7.153708,-21.1322
1848,7.156018,-13.5263
210,7.171876,-55.2866
411,7.17902,-49.1175
137,7.179063,-50.4435
2748,7.185432,-6.87213
1274,7.18742,-38.5906
27,7.19505,-63.9823
1178,7.199548,-33.1794
591,7.203377,-24.672
1706,7.205829,-23.6415
1836,7.212527,-22.8941
346,7.216116,-33.4575
939,7.22068,-32.3307
550,7.228441,-46.8649
3068,7.234073,8.86457
708,7.236258,-22.4778
1846,7.237806,-23.677
2774,7.240229,-8.88815
1323,7.251857,-23.5067
2847,7.252289,-20.9531
43,7.255361,-65.7363
667,7.259533,-40.2174
149,7.261813,-46.1427
146,7.265017,-53.4531
820,7.266384,-33.5087
1214,7.267478,-30.2077
1530,7.268638,-20.0314
3161,7.281109,-23.4199
1790,7.282609,-13.9796
2604,7.285771,-10.363
616,7.286146,-49.9501
2657,7.291348,-24.301
282,7.298801,-55.4316
1952,7.303156,-43.963
2230,7.311495,-9.66934
98,7.330184,-37.3181
3100,7.332325,-22.425
2065,7.33299,-40.4815
839,7.333092,-46.7932
366,7.337553,-32.4752
1361,7.346334,-53.6226
617,7.346407,-32.3251
664,7.346837,-23.3775
943,7.347027,-27.5413
72,7.351698,-38.98
433,7.357528,-38.1721
1844,7.362182,-36.5809
539,7.366094,-38.6864
2966,7.366655,-29.3225
3318,7.370474,-4.38672
472,7.373541,-43.6033
2860,7.383031,-22.7372
780,7.386352,-24.7014
322,7.397615,-45.3498
126,7.400805,-21.4443
2393,7.402339,-13.9787
729,7.406682,-48.2549
2923,7.408269,-20.1027
330,7.408503,-29.8815
1594,7.409382,-31.86
2456,7.410529,-15.0546
705,7.411636,-39.8845
417,7.417474,-44.859
2404,7.420312,-35.4649
1940,7.425391,-21.8344
2471,7.427907,-10.163
65,7.42838,-53.2235
171,7.446724,-50.9938
68,7.446906,-37.3102
3352,7.447152,-4.91243
875,7.449479,-25.5385
127,7.455126,-61.0802
3403,7.456466,-3.32112
982,7.458732,-42.8251
1486,7.459231,-13.9069
401,7.460527,-36.1348
1219,7.464033,-39.5101
3018,7.46512,0.00649139
1880,7.466424,-31.7092
2597,7.469994,-27.3376
1158,7.472463,-46.167
3283,7.475145,13.1911
3113,7.491696,-27.8437
1744,7.492229,-13.4893
246,7.495355,-34.3077
71,7.495617,-65.2612
2960,7.497826,-20.284
2900,7.498243,-23.9536
1717,7.504648,-30.4996
1548,7.506292,-22.2431
2670,7.506562,-5.90917
494,7.507309,-51.3898
1084,7.507734,-27.3564
1175,7.5137,-48.8737
3315,7.517236,-13.9544
1013,7.520727,-39.1907
3309,7.523222,-13.6551
2911,7.524136,-17.2225
851,7.530539,-31.8119
665,7.531512,-21.3104
1995,7.539346,-25.7094
3131,7.54249,-3.26814
3407,7.544935,10.8041
1971,7.546061,-19.8991
2135,7.550586,-11.5783
398,7.553423,-51.174
827,7.555767,-29.7303
1055,7.56032,-27.6863
228,7.560898,-48.424
2183,7.561379,-16.7412
95,7.561825,-46.1467
1306,7.573131,-27.0832
1477,7.575951,-43.3948
2468,7.583025,-30.3296
28,7.596957,-44.5261
2746,7.597355,-5.23334
2131,7.612703,-19.4138
495,7.615643,-38.3234
314,7.618931,-21.5283
128,7.620946,-44.6257
66,7.621663,-64.187
575,7.625497,-27.6452
2353,7.62649,-26.5545
1230,7.631838,-32.0135
3396,7.647301,-5.13278
1075,7.649034,-40.725
266,7.650779,-43.0105
489,7.656813,-21.4941
1371,7.66358,0.575479
116,7.668758,-64.9951
956,7.671435,-42.4919
629,7.673631,-33.984
639,7.67572,-37.3339
1665,7.679677,-49.7763
26,7.680121,-69.6164
2411,7.682394,-40.047
3461,7.685486,30.8685
8,7.68882,-62.7897
2118,7.698184,-15.2064
2855,7.702403,-6.57736
135,7.704928,-59.9877
31,7.711249,-56.9893
1628,7.712847,-15.2009
1879,7.712886,-27.1916
394,7.714373,-33.1381
546,7.714893,-45.7177
1666,7.715243,-31.6814
464,7.715703,-48.9175
610,7.718445,-26.4881
2957,7.719055,-21.7332
2113,7.724787,-34.7327
2238,7.727005,-11.7142
3327,7.733098,-2.07469
3024,7.739089,-24.9853
184,7.742549,-36.9469
905,7.753894,-34.1147
395,7.75492,-31.4614
1964,7.756438,0.419486
284,7.759663,-29.4927
891,7.762262,-18.1984
305,7.766451,-53.8681
465,7.769572,-34.051
821,7.770606,-33.8729
1,7.772476,-65.2021
53,7.77575,-56.2848
167,7.77896,-44.7692
1614,7.779291,-26.1513
2729,7.78852,-8.87723
263,7.795857,-39.1131
2409,7.796343,-31.7701
447,7.797707,-39.1354
1297,7.802534,-23.6571
742,7.80458,-22.8445
192,7.804766,-48.8719
2039,7.809052,-14.5188
2447,7.819823,-24.4976
918,7.820713,-6.2278
2599,7.820823,-15.3365
233,7.823393,-43.4152
2637,7.826117,-38.0968
1757,7.826118,-25.3589
217,7.828919,-60.1615
23,7.830963,-49.9123
602,7.837039,-54.2854
407,7.83884,-35.5052
1700,7.845507,-21.6721
1771,7.848257,-22.4627
1128,7.849216,-28.0906
1491,7.849314,-16.5909
2335,7.85361,-25.8718
278,7.85806,-34.313
342,7.860307,-42.3012
89,7.866191,-60.0048
2352,7.872591,-6.64712
320,7.877753,-30.5908
3143,7.895008,-10.847
717,7.903,-43.4642
713,7.90378,-27.1699
2982,7.905348,5.08144
276,7.9068,-35.7386
104,7.916386,-31.9562
822,7.918194,-24.9036
2082,7.922608,-19.1955
1894,7.923344,-39.2295
1917,7.924958,-50.262
3291,7.926773,-29.0517
3094,7.931626,-22.4866
1809,7.934082,-10.2177
1205,7.936261,-38.8543
2472,7.948651,-29.646
1455,7.957535,-37.2405
2084,7.961174,-22.7514
690,7.962251,-31.9298
2171,7.968845,-32.9742
188,7.974143,-42.4912
483,7.975432,-22.5632
1734,7.979941,-2.40879
273,7.980571,-53.2099
3146,7.985128,-15.3094
1864,7.985808,-29.0707
331,8.000428,-28.8809
969,8.001323,-14.0143
132,8.001408,-43.9465
207,8.00224,-47.7456
764,8.008512,-32.8061
1565,8.009523,-7.7605
1390,8.01631,-35.2051
209,8.019458,-43.2568
2854,8.019696,-19.81
526,8.029448,-48.2493
3150,8.031487,17.0565
529,8.034069,-55.5655
3204,8.038403,-10.1045
1938,8.038483,-44.0624
704,8.041516,-49.7262
2302,8.044878,-29.9595
2354,8.045577,-12.7402
3127,8.050315,-4.08893
112,8.059452,-57.463
1015,8.064479,-26.3782
1292,8.066774,-38.8402
2731,8.072325,-8.0362
3363,8.079268,-5.29402
61,8.079415,-49.7344
864,8.079591,-27.496
2366,8.081493,-18.8261
525,8.085899,-40.1129
257,8.086579,-48.1039
150,8.091841,-49.8339
438,8.095452,-39.1547
3031,8.105915,-9.0685
824,8.12451,-35.869
3060,8.131086,6.88902
187,8.137655,-43.2764
1742,8.140891,-23.1064
513,8.143642,-34.2816
2650,8.144025,-12.9453
2998,8.151608,-8.17693
649,8.167593,-38.217
2598,8.173031,-9.02491
1331,8.177212,-19.4069
2639,8.177783,-23.6073
812,8.17959,-37.8803
333,8.182053,-54.3713
368,8.195334,-52.4896
673,8.204951,-45.1067
1853,8.222605,-41.8945
327,8.22401,-38.4648
19,8.22481,-69.3471
2967,8.225724,-10.8378
3456,8.230588,-2.50293
3158,8.230783,-1.16994
2296,8.246836,-20.4841
3354,8.252595,-10.7709
1650,8.254135,-17.5917
272,8.258096,-48.5376
1679,8.260646,-38.1292
2466,8.262939,-10.6244
1710,8.26801,-16.4238
2158,8.273523,-18.9463
3392,8.277808,-0.67649
1363,8.28289,-28.1971
220,8.283892,-48.6742
808,8.289802,-31.8526
365,8.292221,-31.8476
2516,8.292548,-20.3322
2025,8.293044,-13.2587
1053,8.293286,-15.6084
1047,8.297918,-27.8226
733,8.299171,-34.3943
2330,8.300882,-18.7682
252,8.301579,-47.862
374,8.30212,-33.2067
2045,8.306878,-23.9793
2529,8.309937,-29.2755
1714,8.310568,-8.82992
92,8.311161,-63.8918
288,8.312002,-26.112
825,8.314932,-33.8545
2363,8.322608,0.0381762
1944,8.324101,-34.6197
2822,8.328244,12.7518
563,8.32987,-30.3969
2775,8.329947,-10.7916
1499,8.338219,-30.1948
363,8.33935,-36.6955
1325,8.358542,-30.0425
1384,8.365399,-17.9473
87,8.367023,-50.5178
1107,8.367401,-27.8839
1457,8.37109,-9.65338
946,8.374721,-13.9017
1343,8.376904,-20.4885
1233,8.37793,-48.3036
419,8.38441,-38.4591
3446,8.385426,5.64143
2692,8.385528,-10.7674
544,8.386097,-32.3498
1509,8.38858,-23.6415
876,8.388915,-26.8908
2369,8.389914,-13.5274
1955,8.392143,-39.4246
3070,8.394883,-4.76389
892,8.403127,-15.5755
180,8.406584,-48.7161
511,8.411327,-50.2129
691,8.41152,-36.0448
1569,8.416883,-13.7274
400,8.426188,-36.865
109,8.426394,-48.3549
3207,8.429327,-0.030212
6,8.429985,-53.6382
3379,8.430573,14.0013
1859,8.43061,-22.1488
3137,8.434315,-8.98234
3175,8.437837,-5.32947
2002,8.438103,-18.3447
2513,8.469772,-24.1599
12,8.479503,-43.2283
2255,8.48348,-28.2979
1004,8.486719,-38.1477
1193,8.488063,-38.3866
588,8.489379,-44.8011
2476,8.496742,-21.2601
11,8.498798,-46.0823
338,8.499574,-47.1232
416,8.508085,-33.7175
603,8.5123,-42.1344
2109,8.512496,-9.34897
3302,8.513718,-23.5431
3411,8.52996,1.6953
384,8.530181,-42.9385
119,8.541729,-52.67
653,8.546206,-37.9712
434,8.549776,-37.1332
1252,8.553556,-37.8675
357,8.556401,-49.1478
114,8.557135,-45.7265
3133,8.564394,-19.4716
1080,8.565714,-11.1519
2590,8.569242,-15.9624
168,8.582015,-42.0575
1066,8.583512,-34.3955
994,8.589207,-35.908
344,8.591689,-27.5775
3346,8.612293,-11.4157
2253,8.615602,-37.0915
410,8.618232,-29.3477
2933,8.627743,-27.0858
58,8.631532,-46.1864
2009,8.631789,-24.1512
2449,8.639139,-1.38612
1956,8.640031,-20.898
3001,8.650273,11.8187
2669,8.65216,-17.4355
3445,8.652604,17.9814
2192,8.653981,-25.388
258,8.65556,-29.5107
3294,8.658847,-15.786
123,8.659098,-46.896
509,8.667941,-39.9968
1377,8.668795,-14.2254
1573,8.669708,-22.7065
1878,8.670557,-18.9055
493,8.675448,-37.7916
1468,8.675872,-18.7687
902,8.677527,-26.2854
2199,8.694537,-28.432
20,8.695762,-70.1669
2043,8.704659,-26.3836
235,8.705903,-29.1008
1272,8.707088,-44.3049
1304,8.712665,-33.8925
3278,8.714209,-7.19125
254,8.726512,-35.6468
1568,8.731411,-16.1307
3288,8.736863,-9.33629
883,8.741917,-36.9915
3058,8.745782,-5.14402
2358,8.747931,-9.56413
723,8.751232,-32.1875
289,8.755872,-51.5744
2737,8.763401,-12.7466
684,8.767509,-32.9814
954,8.767957,-24.793
3145,8.768253,-13.1816
481,8.769306,-47.7624
1153,8.770557,-16.6988
456,8.775032,-50.636
1026,8.776824,-27.6917
299,8.779504,-59.6804
1082,8.787257,-23.9687
153,8.790853,-31.82
2077,8.805202,19.1935
1616,8.808143,-24.7119
202,8.809195,-34.8832
412,8.822992,-38.6849
1483,8.826776,-15.4061
2103,8.831381,-30.8597
948,8.836558,-18.1525
237,8.842984,-35.3398
3085,8.852201,5.36103
2668,8.878914,-13.893
275,8.901698,-37.8475
1154,8.913016,-27.2145
2499,8.917565,-22.9329
3005,8.91915,-27.1138
3444,8.924976,6.30521
437,8.926023,-35.7919
195,8.933215,-44.2366
1426,8.93837,-28.7098
1963,8.944035,-22.9128
1954,8.945498,-32.4357
2700,8.947191,-24.0584
144,8.96104,-43.9782
2075,8.977801,-19.5158
631,8.987027,-41.1272
1407,8.990239,-23.868
2557,8.990314,-24.6261
33,8.991368,-54.5644
2738,8.994132,-16.9777
1685,8.997488,-16.587
2236,9.004709,-14.2814
1115,9.016864,-27.6376
113,9.028145,-55.9063
2076,9.032365,-20.1357
2157,9.032654,-32.5832
856,9.033751,-24.551
2667,9.034659,-14.1687
597,9.039,-10.9981
198,9.049352,-55.1256
2987,9.063291,-11.3348
797,9.065117,-35.4196
2223,9.065342,-16.0928
2012,9.071525,-19.6837
772,9.075114,-31.6612
418,9.080889,-39.8694
3426,9.082687,23.1719
3038,9.083407,-13.6455
3163,9.08544,-20.4191
2070,9.087771,-19.8838
1534,9.09657,-26.0596
260,9.097041,-52.9621
3272,9.099791,-8.39044
173,9.102293,-46.805
1231,9.104424,-35.7051
1222,9.105213,-25.0397
2164,9.106058,-27.3808
2878,9.129907,-21.0675
556,9.131081,-24.7035
2222,9.131402,10.1988
2083,9.151639,-18.122
2635,9.153524,-32.539
1549,9.154946,12.3662
1382,9.155958,-26.8158
2215,9.160065,-21.2683
324,9.16286,-36.7525
2522,9.178396,-28.8934
161,9.178541,-33.8869
3372,9.18644,-4.95551
1647,9.202508,-28.1146
1993,9.212823,-27.0653
2566,9.22147,-10.5717
335,9.22208,-53.3161
111,9.233028,-16.8788
426,9.257768,-36.0045
1416,9.260122,-51.7121
2210,9.263004,-17.3223
1615,9.275314,-16.9804
3357,9.287084,-4.24391
1725,9.288336,-30.9923
1719,9.289114,-39.7599
492,9.307995,-30.7862
1514,9.309063,-15.9822
44,9.31767,-49.6918
14,9.323205,-65.2879
3162,9.330344,-16.4062
140,9.349348,-50.0128
1350,9.353371,-22.5194
2845,9.353458,-23.2712
2991,9.360278,11.3503
383,9.368191,-50.7038
1868,9.374715,-31.3152
3217,9.398504,-25.1567
154,9.398989,-43.4364
707,9.405848,-20.1864
2739,9.414122,-23.8637
3251,9.421917,-6.26389
2724,9.424026,-11.828
2576,9.432397,-17.4158
190,9.436736,-39.4404
859,9.439165,-23.8189
1090,9.456119,-33.1327
243,9.461244,-52.4633
534,9.461376,-39.4846
2876,9.462591,-22.1381
2675,9.468125,-8.61802
3055,9.469964,-11.5633
901,9.472063,-26.8428
830,9.476505,-24.1345
2086,9.477721,-43.3469
1674,9.480948,-12.7401
1421,9.486904,-43.0748
1307,9.487885,-14.6986
3345,9.502881,5.52463
3462,9.509897,42.918
2672,9.512185,-23.0721
2441,9.520081,-18.2395
2928,9.532625,-40.1972
52,9.538081,-42.3028
1720,9.546512,-16.9092
1694,9.547711,-21.4143
2832,9.55231,-13.7458
841,9.555055,-35.9189
524,9.560068,-31.2275
853,9.563621,-14.7977
3404,9.571776,-2.52247
2893,9.582026,-22.8876
238,9.582363,-54.7855
301,9.584491,-35.1252
3436,9.589305,22.1833
1574,9.590938,-29.8317
854,9.593154,-13.1201
1183,9.59549,-24.2497
837,9.598933,-38.2224
50,9.606174,-48.0045
2754,9.609588,-7.75494
377,9.609783,-42.0793
1708,9.615547,-29.0696
211,9.619041,-55.8833
2685,9.638441,-13.7275
3099,9.642477,-7.40174
1190,9.645129,-37.1603
1547,9.651346,-52.629
3064,9.658392,-9.10823
3307,9.662488,-21.2249
551,9.662724,-48.4137
1888,9.663606,-30.0897
2425,9.672097,-28.9504
646,9.677767,-25.2621
1442,9.681989,-32.6525
973,9.696322,-37.5401
750,9.696491,-36.8965
3159,9.708982,-18.0854
1332,9.713408,-20.5519
589,9.717279,-43.3025
2465,9.719765,-36.5529
1063,9.72099,-37.273
725,9.721216,-35.5835
3230,9.72511,0.533774
3408,9.731804,3.18815
2999,9.738208,-17.9717
1225,9.740332,-48.8159
1287,9.752115,-37.5946
9,9.754531,-46.7256
1658,9.75824,-4.32785
321,9.761901,-32.5857
459,9.762167,-37.9885
3362,9.768162,27.9427
178,9.772628,-46.7687
3062,9.777755,-18.6459
121,9.78555,-64.8574
1713,9.793726,-44.9806
2812,9.794216,-7.36162
3196,9.79805,-18.2817
3386,9.798554,10.4986
2014,9.798662,-15.3138
1754,9.807056,-20.3449
3141,9.811632,-10.961
348,9.814663,-39.0263
1078,9.86543,-21.3516
1010,9.871067,-25.2007
2226,9.871387,-20.8011
1640,9.874152,-33.6237
558,9.894178,-34.9486
214,9.899668,-28.5588
3103,9.919431,-5.06852
2843,9.930616,-9.87955
1299,9.94061,-22.9652
2146,9.94889,-29.6479
118,9.965989,-43.7041
519,9.967185,-36.9151
3200,9.983158,24.552
30,9.983969,-44.4654
1850,9.985438,-30.3449
689,9.985574,-37.1718
2261,9.98699,-19.0201
3389,9.994808,5.45734
990,10.014395,-36.0052
1766,10.017097,-41.769
2881,10.019306,-25.915
2614,10.027283,-10.776
480,10.043119,-28.2656
568,10.043964,-15.4508
2181,10.054169,-22.1418
15,10.072118,-63.1883
1021,10.074779,-33.4199
430,10.075816,-41.1615
3400,10.079638,27.2554
1395,10.092012,-29.9885
680,10.111434,-43.324
888,10.118216,-32.3483
1657,10.123591,-32.3003
1636,10.125794,-38.3839
376,10.136786,-16.3329
74,10.139775,-36.866
1057,10.141242,-40.6544
75,10.141266,-47.3208
1294,10.149992,-28.4404
35,10.159101,-45.6627
721,10.161338,-26.1959
2578,10.175337,-12.7759
2121,10.175683,-16.9482
103,10.190878,-41.6535
4,10.199862,-55.5529
2903,10.210489,-11.5113
1052,10.213689,-37.7765
1288,10.220778,-18.3545
1920,10.222948,-17.1612
818,10.224805,-31.9897
920,10.230304,-34.0172
900,10.233287,-36.4328
2502,10.239964,-10.8808
350,10.240797,-44.2544
962,10.243973,-49.1053
2288,10.24701,-8.23424
1910,10.248823,-9.36274
82,10.257974,-50.6332
1818,10.25808,-33.9706
1070,10.258839,-26.9246
945,10.263716,-33.1462
1626,10.268064,-21.8604
2036,10.274491,-35.498
3401,10.277637,11.126
3045,10.305052,-14.0011
1733,10.310592,-10.8072
2044,10.312871,-18.6459
1388,10.316957,-28.5687
265,10.342635,-42.0584
1126,10.343281,-38.9953
2809,10.34695,-28.9495
2605,10.353232,-21.3151
3226,10.364048,-6.9688
2175,10.364472,-34.7848
2391,10.366789,-25.5352
1002,10.368115,-31.9319
2857,10.374935,5.32597
1492,10.37499,7.65974
2001,10.375831,-20.5975
1633,10.403518,-11.3875
1489,10.40384,-29.6631
2052,10.410994,-24.4857
1852,10.429535,-38.5447
1396,10.434451,-38.0152
1759,10.435875,-27.6809
804,10.442577,-37.6925
3232,10.442735,-3.44005
80,10.443008,-56.476
2220,10.444973,-2.73865
3034,10.446171,-9.67619
3324,10.453515,-1.61743
2992,10.456436,-14.8112
2176,10.457389,-25.1259
40,10.458869,-55.5318
1358,10.461416,-37.0118
2078,10.462749,-34.9146
2717,10.466306,-10.9797
674,10.467934,-37.4772
1820,10.468551,-35.3386
1471,10.469618,-19.602
2644,10.469984,-20.8322
1333,10.47259,-24.9803
2927,10.47815,-11.185
1564,10.486572,-15.2215
3310,10.493267,-5.7551
94,10.498289,-50.3435
1264,10.500174,-21.027
1926,10.500363,-36.3239
1912,10.506839,-8.72889
868,10.510606,-34.1163
1889,10.513853,-5.93158
1290,10.51473,-14.7804
3339,10.515297,-3.87977
1270,10.526741,-34.7546
988,10.528171,-29.0495
57,10.528482,-63.6715
1180,10.535759,-41.0113
3148,10.535872,-11.7157
3073,10.537313,-17.6524
1812,10.53749,-20.3175
2765,10.547814,-28.0749
1896,10.54863,-34.3404
2048,10.55328,-14.78
2432,10.55402,-17.1816
2225,10.559883,-8.49752
987,10.562922,-32.4589
2097,10.563841,-16.6653
399,10.568521,-44.2491
2715,10.570095,-6.12301
1340,10.573339,-26.4083
306,10.574248,-45.2435
3281,10.577429,-5.47091
3040,10.578968,8.29557
3285,10.582252,0.543375
2537,10.582783,-12.3823
1171,10.5964,-22.1531
1420,10.603208,-26.8947
2841,10.605145,-14.8975
1147,10.605378,-47.1228
2144,10.606918,-28.2802
174,10.607348,-58.633
2727,10.611713,-11.0588
1862,10.611745,-38.5918
86,10.614276,-29.1133
1189,10.616283,-23.4969
547,10.617256,-25.1175
3424,10.62901,-10.2065
439,10.629205,-33.5367
206,10.629253,-33.7397
262,10.629377,-44.064
1513,10.629791,-29.6001
2320,10.631355,-31.852
1257,10.63191,-23.7853
754,10.632263,-39.755
2339,10.635114,-20.4356
2512,10.636878,-9.37686
215,10.642005,-48.7092
382,10.646106,-29.1649
587,10.647088,-42.5122
572,10.655501,-22.7801
2130,10.656204,-22.387
1211,10.657011,-10.4604
1637,10.659754,-30.8132
3007,10.661848,-23.2881
2577,10.667489,-17.6896
1490,10.669881,-20.7559
2105,10.671069,-34.201
2308,10.672445,-15.7441
1105,10.672523,-22.7099
2293,10.675961,-23.6821
1682,10.683434,-19.8474
60,10.683878,-52.083
2046,10.68955,-18.573
2068,10.695146,-31.22
687,10.696048,-13.6043
2771,10.697732,-25.1917
2099,10.703788,-14.0668
2346,10.70401,-8.96073
91,10.712116,-32.7054
1884,10.713072,-31.3583
2714,10.713553,-26.8368
2915,10.714361,-10.9188
1597,10.716434,-9.10219
3154,10.718945,1.37334
1291,10.722337,-35.2163
1839,10.724132,-8.49403
2850,10.724169,-34.398
2506,10.72435,-27.6327
2864,10.725153,-25.9305
249,10.728739,-34.2164
743,10.733458,-27.7183
3003,10.733596,4.66963
3050,10.739616,-6.03186
2062,10.74112,3.82186
2033,10.745383,-20.2025
3442,10.747706,-12.0025
1847,10.749516,-8.78708
1279,10.749977,-28.366
3290,10.750854,-2.25023
3096,10.750861,-9.79879
1671,10.752978,-29.3099
1643,10.755248,-10.7758
959,10.758769,-21.747
1902,10.760217,-31.4435
1300,10.760439,-36.891
2904,10.762014,-18.6799
1271,10.762029,-18.0405
2541,10.762892,-20.0436
3044,10.764598,-30.9775
2257,10.76771,-24.7077
1359,10.769936,-15.7505
3083,10.776996,11.5331
1927,10.777287,-29.927
2165,10.778198,-16.6219
1372,10.779663,-36.2705
769,10.781789,-27.4186
2934,10.78328,-24.5501
2127,10.793499,-22.5799
2186,10.800385,-10.2863
2818,10.801453,-20.3923
3098,10.801863,-9.39238
225,10.805421,-47.0774
3134,10.805901,-23.6156
1094,10.806766,-9.2522
2433,10.81308,-7.52802
3258,10.813925,-18.7791
2918,10.814629,-11.1441
1525,10.818763,-43.1823
1914,10.821551,-19.029
3306,10.821862,-8.43886
533,10.82957,-28.2015
396,10.830413,-37.7589
2786,10.831509,-20.8647
1014,10.832284,-29.2097
303,10.832756,-8.71453
2349,10.835577,-48.4086
2713,10.837876,-7.01274
857,10.838321,-19.404
2240,10.843879,-24.9958
2359,10.844702,-32.5426
2143,10.844953,-21.4551
3312,10.848022,-4.18135
2422,10.854741,-24.1982
958,10.858027,-24.0633
1202,10.867076,-25.4041
2342,10.868543,1.36782
1699,10.869252,-28.8918
663,10.869869,-39.5037
2526,10.872996,-18.5135
2020,10.873088,-15.0669
2129,10.875744,-14.9179
3390,10.878085,-9.11311
989,10.879753,-30.8409
2651,10.882236,-5.47748
55,10.882721,-51.735
1962,10.88308,-15.2845
1478,10.890952,-20.9038
2015,10.891832,-21.8756
2901,10.894839,-25.6091
2219,10.897658,-27.9604
1672,10.898405,-25.3841
3391,10.899219,-25.2405
2710,10.908444,-19.5801
1968,10.910333,-13.3921
2833,10.919944,-15.697
504,10.922658,-36.3032
600,10.92311,-31.6816
2914,10.926598,-4.51477
2307,10.929178,-40.0128
3036,10.930745,0.513326
88,10.933321,-60.4594
3441,10.933839,-6.57257
2179,10.935328,-22.4433
748,10.936693,-6.03851
2016,10.938934,-14.4603
2372,10.940511,-25.9936
3331,10.941026,-4.9404
2026,10.942859,-20.3641
1161,10.945923,-40.8195
334,10.946986,-47.9389
2345,10.949735,-19.3076
2698,10.95091,-37.6928
1929,10.95144,-12.0066
1250,10.952876,-18.2297
1201,10.954575,-32.3479
3431,10.956042,4.57757
2178,10.958519,-30.5126
2567,10.958783,-15.2145
2101,10.965112,-29.4735
1232,10.975216,-39.2276
1780,10.975434,11.5892
3376,10.976468,-2.71456
2633,10.976975,-11.4766
271,10.977398,-23.463
2711,10.979553,-23.3971
1135,10.98153,-36.2907
3249,10.984992,-0.42244
1746,10.985521,-26.4732
3142,10.987986,30.8198
1438,10.992045,-28.5355
1810,10.997351,-23.872
2909,10.997888,-3.98816
1012,11.000625,-25.9782
983,11.011774,-21.9159
2027,11.014518,-13.4184
3211,11.016193,-8.05188
2053,11.018663,-17.1548
1590,11.018744,-28.2655
2897,11.019137,-13.488
508,11.020922,-34.5743
2258,11.023791,-13.8465
576,11.0273,-39.5947
356,11.028479,-41.5342
3233,11.031614,-16.0682
3297,11.033826,-2.25706
2944,11.034515,-16.682
555,11.035306,-24.6998
1316,11.03576,-20.4013
455,11.037558,-28.8572
1849,11.037758,-32.7037
2428,11.041004,-11.4822
1265,11.042629,-33.5472
1760,11.043139,-16.7818
1873,11.050334,-19.4774
2555,11.050368,-30.1749
536,11.0527,-32.9048
657,11.056087,-19.389
29,11.058675,-53.7907
1444,11.060714,-15.9712
393,11.064742,-42.0689
7,11.070612,-67.854
141,11.077764,-27.2656
1989,11.078874,-11.7376
2654,11.080907,-8.12232
2601,11.081764,-26.89
1266,11.082649,-29.5861
1943,11.098971,-24.2362
1400,11.100034,-16.502
1805,11.104401,-18.6863
1869,11.106271,-22.9614
3366,11.108587,2.31711
362,11.11812,-38.538
2514,11.124882,-11.1169
2628,11.127647,-19.0167
3047,11.128085,-10.1805
1825,11.129809,-6.52746
1732,11.130661,-23.7498
644,11.131663,-37.9012
325,11.131997,-36.1919
2493,11.13219,-15.162
3095,11.132935,0.901278
1827,11.142766,-20.4326
2547,11.144921,-32.5018
2477,11.149418,-11.5693
229,11.15158,-48.8693
1152,11.154813,-39.2284
1551,11.157517,-31.9772
991,11.163972,-23.9708
1611,11.164452,-19.49
2611,11.16715,-32.9794
554,11.168005,-26.0732
3184,11.168446,0.302917
269,11.171056,-51.7836
1424,11.173486,-15.187
1966,11.177398,-15.094
518,11.17919,-36.1089
1213,11.180327,-27.6899
3269,11.183427,15.2631
222,11.185995,-47.564
621,11.190167,-21.2175
1791,11.190267,-31.0093
1028,11.191047,-45.3502
2276,11.191224,-22.9247
1362,11.192875,-30.3319
2254,11.196711,-17.3534
662,11.197227,-23.9495
2548,11.199132,-16.1052
1273,11.200257,-22.9249
593,11.203214,-20.8585
1572,11.205881,-36.7287
1764,11.207808,-11.5298
2636,11.218405,-1.83411
850,11.223972,-34.335
1032,11.225441,-22.7317
2191,11.226634,-26.0048
151,11.228262,-36.4436
1518,11.228754,-37.8012
2095,11.229222,-21.7157
3276,11.233396,-10.0764
1609,11.234121,-13.1446
1437,11.234806,-28.7359
1990,11.235508,-31.4334
738,11.23597,-37.3649
1398,11.237149,-26.3093
2371,11.238052,-11.1534
1482,11.245146,-12.1628
172,11.246984,-38.7065
3465,11.247005,54.9901
2545,11.248702,-25.9896
298,11.253777,-38.4511
1556,11.254696,-10.4103
2658,11.254788,-27.1969
756,11.255836,-19.8133
1200,11.256453,-16.9512
100,11.257587,-37.0013
2666,11.266617,-14.6125
2694,11.267316,-21.2609
1522,11.267755,-25.3085
1857,11.272234,-11.3147
1392,11.273192,-18.2309
2937,11.275545,-12.0571
3167,11.27593,-4.30693
3077,11.276212,6.1392
698,11.277429,-33.9645
2602,11.283844,-25.3484
1034,11.288005,-22.6225
1874,11.289334,-25.7537
3218,11.289513,-6.40962
3125,11.293627,22.5325
553,11.302427,-26.5925
1241,11.306741,-10.3555
1843,11.307409,5.46709
2217,11.308088,-5.32818
2289,11.309737,-27.7944
133,11.309953,-43.1626
2102,11.311352,-18.9718
2140,11.312119,-35.0932
290,11.312734,-43.6655
3410,11.32011,-20.3607
2260,11.32176,-22.3344
746,11.324614,-19.5188
130,11.327137,-41.8155
1924,11.327173,-23.8251
469,11.333361,-39.2713
635,11.333811,-19.1138
2197,11.343138,-34.815
2407,11.34442,-25.5983
227,11.3481,-24.2831
1467,11.348324,-43.0349
1841,11.350042,-34.7467
2445,11.358418,-28.3171
38,11.361023,-57.1271
460,11.362915,-20.0703
337,11.366387,-41.572
1451,11.370958,-32.2845
3072,11.372807,-5.46108
1469,11.379933,-35.427
2017,11.381495,-18.8037
986,11.38597,-32.1911
906,11.388162,-23.8527
1586,11.389786,-26.0073
1840,11.39453,-24.6065
3314,11.394636,-2.85971
1763,11.394922,-26.3883
176,11.397717,-40.4514
1627,11.399299,-17.7933
763,11.400002,-25.5399
3174,11.401977,-20.9774
2524,11.402287,-20.5632
567,11.403764,-42.7659
609,11.404332,-39.4393
1755,11.405259,-9.57235
996,11.405311,-21.1228
1804,11.406115,-12.547
1890,11.408554,-29.2878
2019,11.416547,-8.2321
1833,11.423327,-22.9391
2370,11.426548,-1.70454
2142,11.42659,-32.4698
1877,11.427383,-18.7803
1882,11.432893,-24.7654
2791,11.433095,0.461043
1505,11.433917,-33.714
909,11.437422,-36.5404
2439,11.443117,-11.5959
3443,11.458966,18.1722
520,11.459331,-42.4868
3371,11.459888,-4.07062
2013,11.45991,-42.3758
1295,11.462108,-26.3107
343,11.467698,-32.5035
801,11.468063,-27.618
1019,11.46845,-23.8466
3348,11.474645,3.90044
2976,11.476866,-9.29139
2269,11.492054,-25.9687
1244,11.500871,-48.8039
716,11.504165,-13.3494
2284,11.504942,-2.09782
2234,11.505372,-24.7622
3079,11.509416,-16.5566
3450,11.51612,34.7447
3402,11.518642,8.03239
3261,11.519202,-21.5666
1622,11.52082,-12.7716
1600,11.522765,-26.1416
2059,11.523113,-15.2673
372,11.528307,-29.5217
541,11.528487,-51.5165
3190,11.528844,-13.3695
3282,11.531222,-17.4186
1735,11.535439,-16.0035
2970,11.538108,-10.2846
712,11.538536,-23.8264
590,11.540894,-38.4757
941,11.554755,-25.8349
1501,11.55481,-28.1811
1536,11.559566,-31.2037
2290,11.565876,3.55185
1399,11.570486,-40.2112
79,11.570592,-53.7912
1681,11.577637,-20.2709
1973,11.579957,-26.6306
1488,11.584963,-31.2292
1951,11.58579,-22.8305
2216,11.58912,-10.1125
1253,11.590443,3.4228
2740,11.590464,-13.5347
475,11.590542,-35.5977
848,11.591489,-47.0236
143,11.59566,-29.2442
304,11.597435,-51.2433
3432,11.598388,8.53997
1937,11.600109,-23.3887
1346,11.608239,-40.6263
2442,11.608776,-20.4975
774,11.609759,-20.1767
2235,11.611636,-15.0881
1939,11.615098,4.81472
2745,11.615678,-31.7519
955,11.616364,-27.8023
2600,11.618311,-29.8607
386,11.619627,-43.6163
767,11.620039,-25.5852
2313,11.620871,-11.8073
2616,11.623987,-19.1277
1138,11.629264,-37.3094
2972,11.631798,-8.18705
758,11.632011,-18.2569
1248,11.63298,-28.0162
1692,11.633749,-26.863
2246,11.635964,-29.5098
1750,11.637383,-10.5988
25,11.638371,-68.2816
2550,11.639335,-15.2731
1134,11.64165,-28.0686
2204,11.642978,-9.43127
1329,11.644367,-20.2947
2461,11.64489,-35.655
267,11.649672,-44.0988
757,11.65552,-10.1658
582,11.655899,-32.972
1386,11.658599,-25.8112
2995,11.659417,-11.4293
2856,11.664317,-15.102
3333,11.665724,17.432
1450,11.666255,-18.2781
1409,11.667247,9.57886
67,11.677464,-36.3463
422,11.679046,-34.5926
583,11.684858,-34.2435
1111,11.687536,-37.8882
2953,11.687743,-28.7404
586,11.691365,-38.5626
2609,11.692473,2.75728
479,11.692735,-12.7651
48,11.696744,-51.501
2182,11.700087,-14.824
203,11.700495,-40.5814
2497,11.700501,-21.212
676,11.707365,-44.9469
2950,11.709109,-23.1078
952,11.710833,-13.284
2819,11.711301,-3.83526
3112,11.712074,-2.30237
734,11.719541,-29.8808
1507,11.723231,-40.6571
595,11.725897,-27.9071
792,11.730028,-16.8313
1948,11.737402,-12.321
3195,11.737588,-5.87431
2247,11.745875,-15.7516
3320,11.746394,-1.38154
2051,11.747293,-4.18058
912,11.750586,-31.4135
1972,11.752582,-37.0729
2180,11.755691,-24.8661
2631,11.762519,-16.6868
1197,11.768727,-9.14863
3041,11.774339,-10.6879
2145,11.777225,-41.2574
134,11.780442,-47.654
2237,11.781116,-25.3843
482,11.781965,-43.1168
1783,11.783186,-28.755
2931,11.788208,22.1566
1101,11.795275,-27.5389
3105,11.806657,-0.294148
367,11.807535,-13.3652
24,11.80809,-44.1769
1863,11.811808,-13.7916
2742,11.819961,-29.1022
1210,11.825668,-21.1391
1571,11.829999,-32.5557
2674,11.83543,-17.2862
2388,11.83628,-11.9751
2829,11.848223,-21.7969
2298,11.852648,-18.1521
402,11.855036,-38.1017
2990,11.856256,-22.4608
1816,11.862852,-19.3324
561,11.864415,-29.9696
1996,11.871447,-11.0976
3066,11.873952,1.17854
2719,11.87605,-31.2916
2683,11.87763,-9.50551
677,11.879229,-50.4327
1408,11.8804,-27.9281
1796,11.881411,-20.4956
613,11.882677,-32.7799
1675,11.885792,-16.8462
842,11.891408,-38.5129
3397,11.891933,3.61034
1792,11.89326,-30.855
2553,11.893543,-13.4052
1815,11.893722,-23.7346
805,11.909525,-20.2139
2569,11.909873,-33.0588
490,11.917246,-34.9437
3115,11.931283,1.55175
364,11.936071,-17.6239
2188,11.939617,-34.189
1778,11.94148,-31.2327
3139,11.942237,-12.2275
2811,11.942657,-32.1593
3186,11.950012,18.8582
3365,11.950732,-8.79354
579,11.951698,-49.5395
1165,11.955286,-30.4186
1163,11.955856,-25.3776
99,11.960339,-40.338
2795,11.9606,-19.4748
926,11.963036,-23.5653
2336,11.963588,-23.2232
623,11.963758,-40.1088
670,11.965536,-17.7591
2003,11.966274,-24.659
765,11.971081,-21.8263
2162,11.971977,-19.1671
17,11.976426,-61.149
917,11.976454,-10.7297
2612,11.976828,4.52545
1000,11.977321,-32.0125
1871,11.984547,-40.4346
3430,11.991944,15.6641
584,11.993733,-22.2796
361,11.997154,-35.913
1928,11.997715,-16.4964
181,11.999342,-44.0421
934,12.001879,-23.988
1916,12.00485,-20.0837
2952,12.004894,-8.75072
3458,12.01227,48.3308
2398,12.015107,-24.359
2399,12.017464,-3.04362
1051,12.018627,-25.3636
2446,12.019457,-40.3095
2124,12.021029,-18.437
2486,12.036277,-17.1619
2626,12.039241,-21.2265
505,12.041099,-36.4062
1484,12.04615,-17.7119
2551,12.047333,-17.9883
3270,12.04819,-5.5921
311,12.054012,-31.1134
285,12.070222,-47.1424
1689,12.07822,-12.7597
2340,12.086401,-28.2039
903,12.089449,-27.6345
2810,12.09356,17.3274
1503,12.096208,-14.8306
2519,12.096529,-4.94295
1065,12.107304,-32.1814
1745,12.108953,-17.4673
2159,12.109813,-34.3038
2295,12.114465,-17.4495
977,12.130611,-54.0883
2720,12.139357,-1.02391
3239,12.139726,-4.10555
37,12.140018,-33.4362
2676,12.150987,-24.1091
1652,12.162096,-18.8411
2735,12.162868,18.6267
1422,12.172916,-36.8153
1777,12.173988,-35.3182
358,12.179499,-36.9092
942,12.185357,-22.3227
2228,12.18608,-23.198
844,12.190226,-43.1128
1992,12.191237,-21.2826
1712,12.195148,-17.3437
737,12.197953,-32.645
1199,12.210567,-7.15421
2813,12.221333,-11.9004
2844,12.226448,4.30391
56,12.239388,-59.798
2761,12.240558,3.08173
454,12.241992,-50.3004
2969,12.244134,-31.303
3382,12.257469,16.8332
671,12.257968,-25.9708
3221,12.260654,-10.3682
1994,12.263185,-26.5028
1865,12.266766,-13.7928
1506,12.26805,-19.9849
2136,12.278626,-20.582
339,12.278808,-39.351
1704,12.28632,-14.3786
2396,12.288988,-20.0538
2645,12.289765,4.78321
84,12.300703,-62.1729
1389,12.302162,-39.0678
46,12.302649,-68.5493
487,12.302672,-36.0888
995,12.304108,-4.2167
2417,12.30677,-38.8866
1494,12.312251,-11.8423
359,12.3153,-37.1231
1950,12.318208,-37.8682
2648,12.319386,2.8452
715,12.328255,-24.96
2575,12.33546,-14.1739
1707,12.336226,-14.0258
727,12.337554,-43.7092
968,12.338375,-34.6633
1355,12.345097,-17.2094
3455,12.352452,14.2381
349,12.358252,-15.7804
3449,12.360225,17.0806
1182,12.368598,-34.0373
711,12.375099,-24.2929
913,12.375137,-5.98118
2608,12.377357,-24.4681
2902,12.377592,-1.92962
3277,12.403511,16.1222
2781,12.410762,-8.46568
1776,12.410855,-32.5455
3201,12.414369,-2.71519
3049,12.416742,-0.0446375
1911,12.417461,-3.15539
2874,12.427951,-7.69816
2392,12.432761,-11.3806
1123,12.434412,-18.6159
1376,12.437677,-9.17215
477,12.440612,-32.6605
2573,12.446366,-18.6434
429,12.446397,-40.3484
3059,12.451476,-28.8038
2305,12.460884,-0.792102
54,12.461736,-28.5292
1500,12.470088,-27.2118
2768,12.471854,4.29148
2249,12.473156,-24.0213
448,12.485764,-34.8911
316,12.486002,-20.3715
2838,12.488785,-14.2807
2646,12.490814,-20.1279
2773,12.505404,-24.8796
248,12.506708,-40.1039
13,12.510044,-47.9316
2377,12.521659,8.94992
1786,12.524078,-24.711
2481,12.524685,-21.5331
2108,12.526796,-22.4656
2804,12.529282,-16.462
102,12.536554,-37.1819
3089,12.539363,-12.955
1945,12.540921,-23.6945
706,12.547972,-4.99071
1116,12.550669,-15.3528
293,12.554225,-36.2162
2630,12.557674,-12.0186
5,12.563886,-50.9177
1540,12.566046,-39.8238
2080,12.566849,-18.6088
1109,12.572484,-14.0727
3215,12.575908,3.29974
3203,12.585479,-34.6566
1749,12.590893,-6.27955
1410,12.591343,-22.4711
467,12.591631,-21.7787
2355,12.59281,-0.128507
2815,12.595062,2.49516
85,12.598416,-41.9993
3028,12.600363,-7.92618
1352,12.607823,-35.1369
1379,12.614121,-36.17
191,12.618684,-46.1827
2606,12.624196,-25.2864
274,12.624376,-28.8996
855,12.62595,-25.9798
3257,12.627241,-16.5755
1104,12.629583,-30.8219
1267,12.630411,-35.5947
2464,12.632442,-21.1462
1570,12.633698,-18.9758
1532,12.635912,-33.8903
598,12.636137,0.739303
611,12.643756,-33.1146
3355,12.64479,-15.2537
1461,12.646599,-25.1448
1433,12.648062,-11.9192
101,12.656028,-44.6611
816,12.657895,-8.13053
3250,12.658544,-9.46213
2294,12.676406,-20.8602
2751,12.678942,-18.1364
1351,12.681495,-35.0997
193,12.683617,-21.9184
1695,12.684741,-24.4782
3180,12.694283,-19.5808
2231,12.697871,-17.0538
296,12.698406,-42.8564
3420,12.698689,11.3465
2430,12.700583,-24.3185
3328,12.702151,-20.5503
3213,12.711941,-9.67091
3052,12.711976,-21.8657
122,12.712996,-24.7573
2899,12.713684,-8.4484
2322,12.727306,-24.3647
473,12.732107,-34.8635
2227,12.732899,2.86321
3460,12.737319,-7.4757
204,12.737828,-48.1267
1983,12.737896,-27.1989
838,12.749741,-33.5293
2420,12.753134,-29.0115
570,12.755024,-15.1698
1003,12.7693,-29.5931
3235,12.770459,1.65089
3330,12.778664,-6.83083
345,12.778981,-41.2639
845,12.787233,-8.90978
3293,12.787601,-9.08033
3434,12.789323,-17.9805
2268,12.79654,-8.59063
2530,12.805796,-3.10666
2603,12.80629,-2.02823
1639,12.806348,-34.1606
3223,12.80709,-20.4496
421,12.819609,-42.3266
2867,12.819911,7.55378
2689,12.820547,-30.0962
2060,12.835657,-20.0398
1093,12.835718,-30.4555
1579,12.838472,-26.7416
2469,12.839408,-4.15738
3454,12.840169,46.8371
1663,12.843177,-12.2862
166,12.843586,-53.4054
2613,12.847797,-16.735
3132,12.849385,-29.6272
1740,12.851377,-2.45861
1930,12.854632,-11.2992
2250,12.855145,-21.2758
2317,12.861919,-28.1989
484,12.870716,-24.3908
2351,12.875057,-24.9355
2799,12.875686,-24.3954
992,12.880389,-14.4793
2310,12.881973,-24.0258
256,12.882337,-21.2117
2879,12.883633,-0.697509
2265,12.892551,-30.4286
2752,12.897823,-20.1051
2221,12.903068,-22.9099
2248,12.907757,-27.1122
2946,12.914426,-21.1349
1606,12.917415,-45.9429
1188,12.919391,-19.1295
2895,12.924609,14.2479
626,12.928735,-30.6988
793,12.941655,-30.9576
1545,12.944354,0.0120362
2504,12.945424,-38.5229
1599,12.947309,-28.2554
1025,12.956768,-21.8916
2665,12.962041,-27.6127
2214,12.966209,-27.3062
1577,12.967592,-33.5566
596,12.96961,-46.1835
1475,12.96982,-27.1019
2997,12.97065,-24.3636
2975,12.980423,-23.5682
580,12.982063,-33.2635
1091,12.98762,-12.7074
2625,13.003267,1.30879
3136,13.004485,-10.8011
3081,13.005515,-1.51232
3419,13.01115,16.8299
2583,13.01129,-20.0838
1449,13.012424,-23.8503
388,13.015883,-45.1175
1258,13.026039,-19.6797
1998,13.030973,-31.7853
2452,13.031105,-28.1956
1393,13.035591,-38.2083
1098,13.039145,-26.4711
389,13.040161,-28.1524
2546,13.049877,-12.7862
2801,13.051834,-19.1415
1289,13.053162,-37.2372
3423,13.054214,16.8645
2988,13.056865,-19.8916
295,13.059592,-33.2688
3427,13.063757,-20.1096
3011,13.068129,-27.0626
1541,13.075949,-37.3976
3374,13.07653,-12.3038
1646,13.076662,-14.5225
2190,13.0879,-28.7068
3421,13.089987,-11.1754
124,13.09479,-50.4799
893,13.098097,-37.8901
3176,13.10213,-31.2982
2306,13.110882,-21.4111
880,13.111553,-35.1917
1463,13.116364,-24.5108
2406,13.119969,-42.4896
1519,13.122509,-30.4404
2303,13.123796,-15.1862
1122,13.125585,-50.1419
599,13.128901,-33.9822
886,13.140945,-24.2465
2152,13.143877,-8.31876
1086,13.144876,-41.6521
3241,13.146778,1.60567
1315,13.152211,-37.1924
208,13.154456,-23.679
1328,13.157375,-8.62295
3189,13.158791,-1.53373
436,13.164104,-42.4232
3325,13.175205,-4.65062
18,13.178435,-47.9013
264,13.185865,-53.1772
1772,13.1889,-7.86615
2725,13.190033,-18.6398
2885,13.1905,-16.2639
1957,13.192264,-36.3357
499,13.200997,-50.7994
3082,13.20394,-4.10432
108,13.20513,-54.0119
720,13.213326,-36.8628
2814,13.215101,-19.6097
3166,13.222121,-9.59555
2483,13.222595,19.1075
478,13.222831,-50.7318
1212,13.228754,-9.94267
2187,13.232976,-11.0888
2800,13.237461,-22.5122
1227,13.241128,-21.0898
3172,13.242597,-14.7752
2375,13.244467,-22.3116
2049,13.2477,-18.687
2120,13.248336,-11.0862
652,13.257363,-20.604
870,13.257735,-27.4348
1883,13.258206,-32.5228
1684,13.260785,-40.9216
1908,13.261199,-26.9483
3260,13.277918,-10.9879
2986,13.279916,-13.7938
435,13.288143,-48.0326
2326,13.294164,-23.8004
701,13.294595,-29.0162
3414,13.301575,12.293
2766,13.303943,-18.8068
408,13.304924,-31.9725
131,13.305217,-42.6341
2073,13.307967,-19.6365
1724,13.308082,-25.746
2517,13.308841,-20.1554
1403,13.310084,-47.1659
2852,13.310516,-28.8794
158,13.316924,-41.0829
1220,13.325457,-30.2121
2534,13.339985,-11.5844
1885,13.340291,-23.8027
2270,13.345645,-27.9919
3398,13.363656,26.5018
1298,13.364093,-25.3966
83,13.367921,-58.8609
1651,13.368798,-18.8364
1195,13.375656,-30.8326
1919,13.379431,-10.1028
461,13.38036,-12.96
1387,13.380748,-31.8032
879,13.382883,-28.7925
516,13.383945,-31.7627
3448,13.391665,38.4221
654,13.392394,-25.1234
3255,13.394822,-19.5417
1575,13.395386,-25.0301
1417,13.40341,-41.6357
607,13.403848,-60.8665
300,13.41426,-53.0998
414,13.426287,-30.8469
1664,13.42977,-27.0632
2116,13.436582,-14.8202
1224,13.440351,-22.1836
159,13.442521,-36.6792
1942,13.452859,-28.9899
1412,13.45754,-24.0287
1521,13.458484,-23.932
2489,13.459922,-12.2265
1439,13.470304,-29.7391
440,13.472461,-53.4285
1281,13.474803,-31.0785
919,13.476224,-33.1113
3029,13.476383,-28.9885
1793,13.476489,-15.3086
1027,13.481693,-28.5854
1693,13.482475,-26.1029
929,13.486407,-27.4716
2929,13.488083,-22.3041
1043,13.495115,-15.0781
2318,13.502236,-21.0272
1061,13.504107,-30.9018
370,13.506384,-48.0921
2989,13.506895,-23.8923
136,13.50738,-45.7355
292,13.509672,-45.0817
2037,13.511926,-12.2552
1819,13.51677,-29.3022
3373,13.517366,-11.6218
702,13.52022,-17.0172
1737,13.520613,-27.9383
2429,13.520831,-4.40276
2304,13.520948,-43.3309
2150,13.525429,-22.6429
2951,13.534015,-22.0325
935,13.54752,-31.3143
1842,13.549162,-13.7832
2402,13.555661,-12.2324
3061,13.562314,-16.8081
2968,13.563922,-12.345
1381,13.567569,-28.8858
3236,13.568645,-11.0188
1493,13.584764,-30.4737
1934,13.585483,-51.2371
1528,13.590761,-19.4201
2943,13.591955,-8.16712
3118,13.596022,-23.3185
3295,13.600159,-12.4126
2474,13.605042,-9.43982
139,13.605938,-54.3801
340,13.616097,-38.0367
2213,13.631516,-20.5599
831,13.634194,-30.0447
2629,13.635447,-12.0172
1322,13.638185,-35.6174
1860,13.652526,1.94531
3287,13.65413,-12.423
3048,13.657754,-7.6921
297,13.661183,-57.8585
740,13.662307,-29.414
2440,13.664731,-26.1628
2677,13.665346,-8.56163
2280,13.667509,-19.854
1473,13.66877,-51.5386
2655,13.668894,-21.0089
2374,13.68228,-21.5944
1036,13.6854,-37.7531
1986,13.68794,-12.0314
1701,13.687942,-31.5075
2862,13.690002,-5.98582
2954,13.690939,-40.5428
2912,13.691304,2.60544
795,13.693255,-20.8486
1867,13.703513,-21.1591
2965,13.705209,14.2302
1747,13.706775,-22.7048
2570,13.708,-10.0341
881,13.7088,-32.5717
1344,13.711301,-25.02
1044,13.714862,-17.8781
1374,13.719769,-5.96685
2134,13.722081,0.0245702
3329,13.725554,-19.8166
2500,13.727145,1.19563
307,13.727988,-40.733
1373,13.7302,-6.33984
692,13.73155,-38.6983
2256,13.732402,-11.3133
1779,13.733829,-30.0027
3051,13.735288,-18.4915
1246,13.736027,-12.395
2496,13.737175,-23.5735
3384,13.737987,-4.05552
1743,13.741702,-23.8075
3279,13.741926,-4.84425
2457,13.74277,-26.9916
2329,13.747243,-18.1802
1235,13.754718,-20.5965
2955,13.755172,-10.7384
642,13.75816,-35.8186
3053,13.760181,-32.5749
3179,13.76035,-19.8896
3012,13.762148,-22.2921
1022,13.762447,-29.6801
326,13.762593,-50.1189
852,13.763872,-32.6968
3128,13.770194,-27.5955
1179,13.772833,-36.0894
2835,13.773572,-32.5317
3334,13.775792,-7.95487
908,13.783891,-15.9359
2594,13.788703,-16.6526
1192,13.789431,-31.3433
2279,13.790993,-21.346
1453,13.794621,-31.1721
375,13.80281,-34.3595
1462,13.806086,-21.1739
2122,13.809402,-28.5344
2996,13.811304,-15.0821
1538,13.813809,-44.1609
3377,13.825912,-6.01544
514,13.826069,-29.533
1524,13.832913,-23.0578
979,13.83931,-13.2514
1092,13.84776,-36.5295
2117,13.851822,-15.3364
3296,13.852507,-16.4668
527,13.858436,-42.3933
2286,13.863519,-20.6664
2104,13.863828,-30.1112
2166,13.871157,-47.8113
2057,13.872634,-21.2685
3349,13.873651,-16.2586
3326,13.874754,-4.48823
3259,13.879561,-0.613697
1855,13.879855,-23.5401
1470,13.880954,-7.50028
2314,13.890016,-6.86787
2163,13.896249,-10.7652
3138,13.897833,1.23271
2381,13.904341,-31.0395
829,13.906279,-17.9465
2378,13.906356,-15.1944
2875,13.907084,-14.7243
1464,13.90829,-36.5636
2796,13.908903,-6.87474
2034,13.910173,-15.2679
3227,13.91225,-5.86377
2733,13.916747,-24.7681
2767,13.925107,-37.0044
3076,13.9288,-10.3999
545,13.930906,-30.6246
2942,13.932763,-8.85882
3415,13.936774,-28.4289
2623,13.940715,3.05512
1768,13.947002,-38.6059
2695,13.955521,-18.9024
1858,13.965122,-26.3696
997,13.967343,-31.9981
2643,13.968976,-25.1865
2032,13.976286,-23.2315
3170,13.978164,-2.70789
3111,13.987679,7.06137
3248,13.987775,-17.2951
2343,13.988805,-28.225
2297,13.990921,-21.1214
3453,13.992152,38.8271
1459,13.99536,-32.325
2189,13.99848,-21.0849
2706,14.00059,-12.3237
2368,14.005571,-30.7453
3021,14.0101,-26.4802
1456,14.011391,-33.9231
2324,14.013409,-40.3169
1318,14.013762,-24.3402
1661,14.014918,-26.7201
1527,14.015912,-17.3548
496,14.016766,-41.7038
441,14.018111,-33.501
915,14.025315,-23.6505
3361,14.026246,-8.97334
3173,14.027293,-5.47335
2661,14.028772,-11.252
921,14.030552,-31.9756
869,14.04278,-35.3995
3265,14.053282,-17.4283
3292,14.058825,-21.277
675,14.065591,-52.7669
953,14.069777,-10.7093
1425,14.071563,-36.4323
212,14.07767,-35.1983
2783,14.085885,-29.7857
1891,14.088243,-39.2488
672,14.089906,-21.355
1326,14.094675,-58.8696
1168,14.094949,-31.7212
660,14.098939,-23.6935
2565,14.111033,-0.933557
1184,14.112313,-36.1145
1511,14.11861,-26.5366
1598,14.124741,-30.573
2760,14.12845,-52.1815
1311,14.130416,-29.6526
2520,14.134282,-14.4848
2588,14.141399,-14.0213
661,14.143852,-26.5897
1660,14.144576,-32.903
2642,14.152677,-6.0005
744,14.153829,-23.9354
904,14.157628,-36.9116
2006,14.15821,-20.1895
1512,14.158607,-13.055
1727,14.161638,-38.1748
270,14.162037,-54.0254
1452,14.167284,-19.1577
2470,14.169258,-13.2378
2592,14.173455,-15.1014
2149,14.179879,-24.2986
1581,14.182755,-43.9559
1335,14.18419,-26.6795
2622,14.184257,-9.16643
1263,14.191537,-39.5952
1826,14.195649,-16.0003
1808,14.2054,-27.3709
3289,14.210143,-15.2142
3097,14.211628,-7.24617
1741,14.212013,-20.6939
2753,14.213189,-10.8819
1256,14.219402,-29.9404
1208,14.219982,-52.1215
3238,14.220034,1.49911
1206,14.226161,-43.281
1030,14.226267,-26.4134
1813,14.227276,-6.80226
2451,14.232491,-21.8703
2894,14.232723,-21.6791
1317,14.237689,-27.0868
1762,14.239928,-14.1929
2846,14.244219,-15.0495
280,14.244357,-33.6781
3385,14.246101,1.18702
1784,14.246111,-22.5175
3299,14.258942,-4.88211
2978,14.26333,-39.8043
277,14.270298,-66.5993
163,14.282598,-45.0096
615,14.285316,-28.1032
485,14.285535,-29.4639
965,14.291617,-44.4175
2820,14.292452,-34.8321
1761,14.297339,-38.1934
2827,14.298525,-19.2031
2397,14.300734,-22.7873
847,14.303661,-27.4888
1042,14.304005,-41.6826
352,14.310412,-59.3742
2495,14.311615,-11.6455
1310,14.325788,-16.1115
3071,14.333076,-14.9816
632,14.334973,-36.2974
2161,14.344037,-28.2869
1803,14.354773,-25.7209
601,14.356312,-39.1926
2571,14.356462,-35.3175
1448,14.357017,-19.0018
647,14.358987,-31.654
650,14.361783,-26.929
1984,14.366234,-29.137
3102,14.367732,-8.61651
2949,14.369961,-12.1465
2984,14.371,-18.4874
3256,14.374882,-1.41931
232,14.376831,-37.6536
836,14.382016,-51.3242
1988,14.382073,-27.5945
1041,14.389684,-35.3871
1058,14.391761,-22.3489
1785,14.397606,-27.1764
3120,14.400455,3.26786
2133,14.405047,-34.5953
2662,14.405632,-34.7268
636,14.425966,-42.3498
2390,14.426508,-11.743
1137,14.428639,-29.8202
2887,14.431524,-12.5396
2647,14.436185,-6.83515
2861,14.437686,-16.3347
1001,14.440688,-21.5657
978,14.445593,-14.7189
1578,14.448505,-15.4669
1623,14.450442,-28.8282
981,14.461288,-44.5779
3280,14.462051,-16.2718
1775,14.465864,-12.7863
3206,14.473311,-0.0621586
1669,14.474282,-33.452
790,14.47767,-28.9789
2132,14.485415,-21.3953
117,14.485568,-48.4504
315,14.493026,-33.3927
2200,14.493332,-5.79532
659,14.494423,-21.9719
1866,14.495551,-6.09524
2357,14.499843,-23.263
1415,14.510002,-25.8941
1709,14.514024,-20.7277
1239,14.520892,-43.4204
1017,14.523823,-22.1859
3380,14.527921,-8.89527
2684,14.534361,16.1292
2936,14.536581,15.9182
291,14.540964,-52.6498
1145,14.542542,-24.012
1953,14.543929,-2.15792
1596,14.550507,-21.7789
2721,14.554773,-33.9169
2141,14.565989,-33.6009
2836,14.571571,-11.2468
2756,14.575508,-21.0009
3202,14.581108,-10.3821
2328,14.588929,-31.1995
1648,14.59737,-25.5159
474,14.599417,-29.4661
2505,14.600192,-22.4414
431,14.603336,-46.7469
1728,14.605092,-16.1758
2450,14.606036,-10.5465
1782,14.60638,-23.083
1312,14.607835,-22.7979
378,14.60873,-27.47
2042,14.610891,-8.80932
2680,14.617894,-7.16789
608,14.620716,-31.2772
625,14.62177,-35.8227
2561,14.625666,8.24483
2333,14.62568,-6.97432
1129,14.63359,-15.5048
877,14.635527,-31.3611
2139,14.636103,-5.79904
1068,14.63669,-27.0056
3264,14.650099,-6.52208
1558,14.652318,-10.3058
1018,14.657519,-33.1356
1539,14.661567,-13.5397
802,14.662552,-32.4182
3122,14.664679,5.67575
2678,14.667206,-23.3483
2589,14.670411,-15.9432
2448,14.670691,-13.6914
2956,14.682906,-12.1158
1069,14.684134,-22.0528
1385,14.685344,-26.5896
641,14.689575,-29.3959
2958,14.69663,2.12129
2498,14.703742,-5.02457
710,14.704389,-22.9646
581,14.70505,-45.1208
1196,14.707798,-5.56343
1621,14.709793,-26.587
1861,14.715103,-23.842
1523,14.715211,-23.1069
1130,14.734782,-28.0827
2206,14.740365,-0.0780172
669,14.747955,-47.2684
3319,14.779073,-1.82511
3417,14.78107,-2.61156
2193,14.786975,-26.7682
1207,14.791947,-36.4621
788,14.798955,-42.4584
2839,14.802577,-17.3485
3447,14.804044,12.8222
819,14.808396,-12.5697
752,14.811711,-18.6274
1217,14.818778,-23.5175
423,14.820375,-31.9232
889,14.824624,-32.9285
1797,14.832125,-25.9583
1716,14.837091,-26.4554
1156,14.842702,-21.8926
2031,14.850091,-17.7928
1445,14.851245,-38.9868
1460,14.866427,-52.8083
1537,14.870115,-29.7884
569,14.870861,-30.7232
1978,14.873428,-6.02506
807,14.873438,-26.323
1632,14.878169,-15.8522
1194,14.881974,-22.0782
3074,14.886321,-0.885638
2239,14.886534,-5.97432
2273,14.892542,-11.5196
1802,14.898235,-31.4723
833,14.900621,-27.6768
2890,14.909551,-2.77218
1925,14.912928,-21.2151
2607,14.913395,-6.37117
2271,14.916734,-27.7119
950,14.922372,-33.9173
1305,14.93576,-10.3308
1822,14.93926,-37.3802
1892,14.944382,-7.88993
3210,14.951503,-22.3716
2973,14.953071,-4.11888
2554,14.954305,-18.5662
2888,14.954426,-28.2045
923,14.969686,-34.025
817,14.976477,-22.505
3033,14.982742,-7.81698
240,14.983113,-29.6481
2072,14.984483,-16.1621
2098,14.985678,-36.3293
1593,14.989013,-25.3759
1837,14.992135,-28.6452
96,14.993155,-68.227
2069,14.994676,-2.85442
1787,15.039346,-26.5399
2979,15.065509,-36.8219
3014,15.075514,-5.50824
2331,15.075971,-8.23235
3243,15.076449,-11.3523
1321,15.077064,-23.7222
1364,15.087992,-28.4385
2935,15.088437,-15.4395
2319,15.091036,-11.8855
205,15.102859,-65.0584
3301,15.120505,-8.34215
3177,15.130404,5.11179
2115,15.130718,-28.9635
1526,15.133627,-10.846
656,15.134102,-29.3131
2707,15.135,-19.2622
387,15.135609,-36.8793
1561,15.138231,-28.0011
1085,15.140242,-20.6187
823,15.142271,-37.8922
2154,15.16008,-12.8536
1555,15.176403,-25.4111
2558,15.17875,-4.45846
1309,15.184031,-6.65297
2089,15.198733,-22.3353
1167,15.20972,-38.425
1081,15.22698,-24.2672
1773,15.22724,-9.13212
560,15.22968,-32.5125
2618,15.230889,-12.9751
2380,15.231869,-5.23152
3457,15.2324,14.3022
1806,15.244805,-28.7568
1262,15.246943,-53.5642
1824,15.254433,-20.6197
1140,15.255986,-23.0673
1542,15.260431,-19.5275
2277,15.260779,-21.919
2580,15.264092,-31.103
2485,15.265389,-20.0691
1429,15.277149,-22.0836
739,15.27786,-39.4311
2453,15.280972,-11.522
1037,15.285509,-18.9384
1285,15.302416,-13.1783
1411,15.304024,-26.9013
328,15.308359,-46.1524
2880,15.315183,-16.1732
1814,15.315589,-18.6469
2870,15.318034,-10.7855
1261,15.318232,-29.4522
3344,15.32566,21.7958
871,15.332586,-44.7858
3439,15.346289,6.17249
1838,15.352873,-27.2272
2334,15.355436,1.73598
1654,15.356218,-14.8312
2151,15.356692,-12.6134
1767,15.363606,-20.3162
1286,15.375936,-26.5382
1029,15.377552,-28.2222
2776,15.404727,-15.6556
911,15.405609,-34.9042
1870,15.421189,-26.2941
255,15.424235,-39.9821
3171,15.427408,-32.2445
811,15.440911,-44.1996
3057,15.441346,-5.83717
925,15.4566,-32.2203
1969,15.463695,-19.8781
2510,15.470234,-25.8159
1176,15.473228,-18.046
2837,15.473409,-19.1103
2559,15.493267,3.89785
2908,15.49752,1.34243
3316,15.505642,8.18366
1722,15.507235,-38.3783
2232,15.511214,-27.0651
2419,15.517859,-13.3154
957,15.526532,-23.0284
2556,15.537056,-21.109
2107,15.53921,-19.3239
2521,15.545018,-8.14154
2806,15.551887,-4.27793
2757,15.553612,-25.3217
369,15.561976,-36.493
3244,15.583518,1.17478
2267,15.587033,-6.88702
998,15.590958,-29.7909
1991,15.593746,-10.539
2779,15.602554,-21.6352
1559,15.63753,-33.8462
1479,15.658599,-37.7138
2849,15.67408,9.608
3360,15.681645,6.86624
1360,15.68174,-16.1203
409,15.683957,-42.4535
244,15.705167,-41.9144
3188,15.7068,-8.97696
2473,15.723226,-21.7238
3375,15.726028,11.9827
2699,15.727236,-21.5477
627,15.728011,-27.6998
1560,15.734972,-34.1719
2540,15.747038,12.1381
1947,15.752434,-13.7682
1076,15.757519,-32.984
1515,15.77273,-31.6337
1405,15.774837,-32.2494
1277,15.777675,-33.9073
3399,15.779593,-3.30019
947,15.781349,-27.9376
2245,15.781454,-12.8588
2079,15.784982,-15.5755
3178,15.795506,11.5504
3308,15.850415,-28.6913
2436,15.851538,-9.8882
510,15.852169,-48.7317
1474,15.858525,-26.8089
2463,15.858966,-20.7105
1980,15.863629,-50.6943
1249,15.87267,-20.2549
1498,15.872808,-11.7693
1383,15.873285,-28.3552
3463,15.881557,15.2087
2702,15.884564,-23.2566
2242,15.894432,-21.0491
1164,15.908063,-34.1288
3284,15.910209,-19.7448
3317,15.913856,1.65186
1079,15.91692,-25.6054
735,15.926284,-47.4083
975,15.93029,-34.1479
2681,15.930966,-12.9936
1446,15.956041,-31.4707
1339,15.962358,-18.6775
1320,15.964069,-28.0358
1487,15.967381,-33.9353
2262,15.973255,-30.6908
2593,15.975619,-13.5863
1038,15.978142,-39.5449
2094,15.98042,-37.5336
2574,15.993711,-33.384
2649,15.99984,-32.4254
2701,16.008125,-28.3905
347,16.012293,-36.8818
1059,16.022444,-21.7367
1071,16.034737,-17.2544
3030,16.045752,-20.1204
655,16.05505,-36.4408
964,16.085217,-11.8685
2853,16.118074,-19.6287
1612,16.13332,-32.7908
3274,16.139505,-23.1383
791,16.144093,-21.5937
1401,16.152094,-30.6546
1423,16.165642,-10.3422
3428,16.183971,-37.2984
1554,16.184656,-17.8362
2211,16.185499,-23.4326
2311,16.188492,-14.7209
1023,16.194412,-35.9622
1226,16.208681,-44.3837
1979,16.208803,-16.2039
2858,16.210606,-7.60101
2207,16.24254,-29.9759
3087,16.247326,-12.8465
2251,16.247334,-30.5084
1215,16.26041,-45.0411
2410,16.272058,-6.55143
2539,16.290295,-26.2062
1366,16.321356,-20.3567
3086,16.330763,-40.2475
1687,16.374163,-38.3343
3114,16.374241,-8.73673
3268,16.374779,-11.6077
2341,16.392605,-34.5712
3067,16.413046,-5.49274
1159,16.414127,-27.3434
3152,16.424248,7.81224
336,16.453121,-46.5853
1691,16.460981,-15.877
3075,16.479006,-33.0681
1834,16.503603,-24.7774
2591,16.51726,-3.75161
97,16.541475,-36.3761
503,16.548809,-45.1364
573,16.578192,-33.2668
2272,16.587536,-14.063
2723,16.645878,-25.5052
2941,16.654776,0.685165
3140,16.666124,6.40793
2851,16.67329,-40.0842
2718,16.678293,-28.9863
3253,16.682472,-20.6253
1585,16.683716,-9.01763
1035,16.70023,-34.5865
620,16.70088,-58.0524
3341,16.703341,-17.3252
2585,16.706127,-25.4301
1544,16.740864,-19.4269
2184,16.741879,-26.6089
2994,16.762207,-11.2943
2403,16.764662,-32.4622
2831,16.769487,-27.0336
796,16.776922,-29.4088
2687,16.785065,-13.5872
2785,16.817307,3.18537
1897,16.823895,-36.3431
2758,16.833473,-26.1529
3435,16.843361,-6.04351
858,16.847105,-44.4267
2177,16.862087,-29.0511
156,16.869925,-42.1201
2977,16.876886,-26.7939
1801,16.879648,-24.0144
1056,16.899042,-31.2148
51,16.903845,-65.2718
1726,16.92308,-27.9085
703,16.929089,-33.7461
1961,16.949471,-17.5708
2531,16.949814,-11.1899
2610,16.954918,7.15436
3209,16.958036,-21.4396
3228,16.958549,-3.63422
1502,16.959604,-32.3836
3388,16.970142,11.9926
2047,16.99029,-28.2121
898,17.002838,-43.9662
2205,17.023283,-28.3554
2401,17.026405,-16.1824
1881,17.030294,-10.8202
3247,17.030813,-0.371463
1774,17.056688,-29.1267
1118,17.060717,-33.3447
577,17.064631,-34.7814
3266,17.088972,-18.0851
3119,17.097467,-11.5167
3343,17.101261,11.4445
2620,17.10634,-14.1221
2022,17.111477,-32.7833
1583,17.114784,-29.0329
2148,17.139463,-14.8641
1160,17.143042,-41.2397
2830,17.176191,-11.7304
2325,17.18144,-36.434
2056,17.188261,-19.1736
2634,17.21586,-24.4734
643,17.218838,-31.769
2772,17.219704,-0.122088
3026,17.222586,-21.1795
138,17.225168,-39.8106
1557,17.228075,-31.1198
3405,17.229862,6.59578
2423,17.234241,-16.2418
1169,17.241257,-32.6712
1909,17.245445,-28.3947
2682,17.250303,-9.21266
3198,17.26198,-20.1799
3101,17.280678,4.67073
1688,17.302553,-27.9488
728,17.309887,-27.0988
1338,17.313114,-34.323
148,17.314915,-44.4403
2959,17.326197,-6.55877
928,17.328585,-37.5674
2421,17.331762,-13.3105
413,17.341829,-32.8416
3155,17.370138,-12.4382
1921,17.375462,-20.3644
2755,17.379856,-21.4835
2478,17.387354,-15.6005
1209,17.389488,-32.9031
1342,17.396372,-39.2129
1229,17.413086,-35.8028
515,17.413288,-43.1137
832,17.424061,-32.1349
3347,17.437695,-2.92521
2106,17.440575,-6.03937
1341,17.443663,-29.7896
2595,17.457338,-17.9115
2379,17.460632,-29.0837
2663,17.461992,-21.5182
2067,17.497009,-15.9335
2434,17.517197,-22.3639
2275,17.526716,-26.4393
1406,17.532501,-36.9382
1046,17.535063,-51.5927
976,17.541538,-28.2313
3321,17.546494,8.4412
1655,17.553373,-39.2613
2394,17.558134,-17.9067
3387,17.560787,-15.4912
2823,17.565964,-31.383
2501,17.569283,-22.5627
2492,17.586561,-21.1721
2460,17.63538,-16.8549
1736,17.640991,-13.3923
1024,17.641964,-48.6413
3129,17.664804,-13.2135
1348,17.6649,-35.8045
726,17.665251,-38.0788
2209,17.669048,-4.92029
594,17.675186,-41.7791
3353,17.677299,2.5254
2087,17.684492,-9.36052
2387,17.684862,-21.6673
1280,17.685455,-41.5048
714,17.687166,-38.6941
930,17.712011,-23.6502
1236,17.736601,-17.0838
1604,17.739691,-31.6291
3020,17.744204,-9.25838
1089,17.776686,-17.4542
392,17.784067,-36.5988
3157,17.885309,-1.9717
2947,17.895235,-8.49834
2435,17.89575,-19.5916
865,17.914474,-58.3907
110,17.918991,-46.2841
1635,17.948025,-25.5043
2511,17.9564,-19.5881
2338,17.959873,-18.1458
2759,17.964884,-16.9422
775,17.968979,-34.0453
1303,17.973364,-25.0189
2382,17.991909,-26.8364
317,17.994396,-21.1757
786,18.013172,-36.5541
668,18.014616,-45.1798
2000,18.021492,-0.857922
3147,18.021765,-11.8724
2882,18.023184,-32.6192
1330,18.053896,-25.0253
2696,18.060061,-32.83
3303,18.082117,-6.92377
2503,18.089508,-24.3317
1960,18.102051,-26.9181
2632,18.117525,-35.921
373,18.117764,-38.1619
694,18.124022,-19.0898
3242,18.146572,-10.4944
2050,18.154156,-17.4506
718,18.156393,-41.0691
2114,18.157255,-32.0221
308,18.16223,-19.9316
2125,18.181591,-13.183
3342,18.209648,2.01696
3032,18.213676,-16.8198
501,18.217117,-40.3427
2790,18.222078,-16.2445
2792,18.223083,-32.4804
1496,18.243402,-17.3187
933,18.282944,-21.9698
2004,18.283297,-40.0658
731,18.285769,-39.4229
2615,18.294102,-0.223669
585,18.29423,-27.2241
1293,18.303701,-24.2502
1975,18.311377,-22.7678
1817,18.312309,-46.7685
3015,18.32991,-18.5624
1958,18.333786,-36.3456
424,18.335978,-23.7596
1831,18.341179,-12.9754
1432,18.342909,-27.6221
1440,18.344454,-24.1889
1562,18.350924,-24.4196
1923,18.362095,-38.4053
931,18.364229,-11.8587
2007,18.38516,-34.7737
2348,18.392645,-18.7724
1630,18.417789,-27.2755
1172,18.419294,-31.7722
1402,18.420153,-40.3848
1580,18.425312,-42.6848
351,18.434542,-19.8497
2709,18.435148,-25.3722
1097,18.448423,-33.8471
3267,18.458921,4.94962
787,18.4785,-43.344
1216,18.481386,-40.9544
2533,18.483295,-20.5842
3208,18.485399,-12.9549
2229,18.492819,3.32027
2301,18.493958,-21.0591
3182,18.494173,-10.0392
1060,18.518105,-21.6936
2581,18.519321,-18.3785
2704,18.521431,-27.7784
619,18.522535,-41.2481
2816,18.527176,-16.1616
2660,18.542833,-7.4808
2010,18.544365,-28.3167
2126,18.548424,-34.3012
2123,18.565271,-18.4351
1789,18.571875,-8.10019
391,18.589317,-17.2265
427,18.590816,-27.2108
1906,18.597305,-19.5966
2652,18.603086,3.8303
2168,18.603104,-19.6485
1603,18.632332,-31.4676
1106,18.632368,-45.1287
741,18.636906,-30.7243
1441,18.637905,-24.0684
548,18.641655,-46.8386
2770,18.655512,1.64161
1114,18.663431,-13.5277
1162,18.669514,-25.673
770,18.702492,-43.8545
1543,18.71998,-13.1313
874,18.729668,-27.0057
453,18.739954,-33.823
2889,18.740604,-9.2619
949,18.742783,-24.4484
1404,18.74338,-28.5505
2029,18.748943,-20.4693
3006,18.755684,-11.5687
1187,18.755869,-32.4506
2596,18.756754,-15.6422
2716,18.757254,-33.0704
630,18.761398,-25.4425
506,18.763664,-57.3129
1723,18.776855,-26.2309
624,18.779295,-24.7986
813,18.781334,-20.0747
1752,18.785282,-15.5284
1110,18.788557,-31.5553
974,18.796362,-33.6882
1941,18.79978,-20.9395
1088,18.806971,-46.3241
1276,18.814589,-26.0243
341,18.819883,-35.8869
1901,18.820736,-21.2661
2316,18.825418,-6.61029
1125,18.833776,-28.1471
2458,18.838226,-4.2016
2023,18.855143,-28.0735
1394,18.860058,-30.7751
578,18.863699,-57.2015
2971,18.869862,-32.7692
1353,18.876057,-10.7725
759,18.882841,-42.3533
522,18.888647,-17.4434
404,18.888847,-36.679
1296,18.894205,-27.0111
2361,18.897171,-29.7723
1875,18.90062,-24.1742
2244,18.901928,-43.8072
2008,18.903265,-29.7097
785,18.910307,-34.7714
1301,18.928553,-28.8172
1397,18.928841,-35.1165
3197,18.943863,-9.40493
2803,18.945503,-26.9852
2586,18.952585,-15.5348
466,18.956665,-21.3855
3231,18.961571,1.20251
2789,18.967072,-4.51345
1781,18.972065,-21.3934
2455,18.975636,-4.71343
1798,18.987616,-33.1878
2194,18.990917,-28.537
532,18.998962,-28.5907
894,19.002954,-30.0152
606,19.016903,-33.0021
286,19.019186,-46.2021
2454,19.024248,-11.9898
1845,19.030716,-35.4206
778,19.03322,-29.4917
732,19.035009,-25.9672
500,19.035173,-39.6461
2525,19.051855,-23.1971
999,19.053896,-42.2199
1354,19.058163,-23.551
1982,19.058432,-29.1126
2924,19.065842,-23.1214
1313,19.071268,-40.5212
2427,19.084295,-27.0108
3117,19.091179,-17.1507
2212,19.09993,-19.8384
2749,19.113703,-22.7517
2798,19.117092,-18.627
1218,19.121304,-39.5902
2160,19.127794,-23.5233
462,19.134205,-42.1509
491,19.137939,-47.062
3229,19.139765,-20.0045
1319,19.142513,-30.2386
3337,19.158363,-17.5126
1495,19.164335,-39.6804
2940,19.168556,-11.0506
927,19.168774,-24.6596
2091,19.178307,-24.4117
2693,19.183865,-6.57775
1748,19.184511,-33.7863
1987,19.189192,-26.9185
445,19.189837,-42.5574
62,19.199816,-48.587
3394,19.200529,-3.9211
177,19.201563,-41.8553
1033,19.203407,-19.1433
1504,19.207624,-37.6319
1245,19.220881,-38.8341
873,19.223598,-38.2111
2743,19.231783,-28.1915
1072,19.23667,-37.892
1181,19.240765,-24.676
3451,19.250328,14.2613
890,19.251003,-41.3636
3395,19.253006,3.88682
2528,19.263405,-27.456
1659,19.266748,-15.6355
1641,19.289366,-41.1249
2264,19.293119,-26.8282
1553,19.305155,-38.3923
2443,19.314476,-45.0839
1148,19.322617,-29.3619
1918,19.324474,-19.3155
2224,19.32551,-23.2097
2055,19.325573,-19.1801
1419,19.330524,-9.45541
1698,19.333414,-33.7873
1435,19.334499,-20.3536
2437,19.338251,-14.7658
1302,19.34609,-10.9215
922,19.3689,-19.5405
1546,19.375734,-18.9647
2128,19.375772,-3.04371
2777,19.378128,-21.4668
3092,19.386042,-24.2719
1756,19.389975,-27.1541
779,19.391499,-41.5478
2196,19.400043,-24.1721
753,19.406853,-34.6428
444,19.41291,-40.9868
2722,19.415167,-25.0594
2886,19.416132,-11.8347
897,19.423845,-50.5089
1904,19.425289,-18.8822
2021,19.425888,-21.7102
849,19.428833,-30.8967
907,19.430407,-38.9742
2040,19.43449,4.87168
1913,19.438705,-29.7875
1893,19.453924,-24.1186
799,19.454601,-38.1033
1375,19.468006,-40.7673
840,19.479319,-44.4182
887,19.485451,-31.9342
1100,19.486513,-29.2427
810,19.489559,-38.858
1223,19.490919,-41.099
497,19.49114,-38.2867
1283,19.501495,-45.5706
618,19.509706,-39.7937
794,19.5352,-36.3412
559,19.54307,-36.4365
1976,19.543562,-13.5203
213,19.558985,-49.5563
1876,19.567129,-7.7474
2389,19.572191,-37.2562
3065,19.576754,-18.7473
2974,19.582588,-29.3059
302,19.585304,-43.4321
688,19.597454,-34.5066
1758,19.601271,-24.956
866,19.618401,-31.9776
1667,19.624947,-14.3757
789,19.640066,-30.8443
1832,19.653414,-28.2563
3350,19.662561,-6.48579
803,19.669796,-18.0336
781,19.6835,-29.7697
2167,19.686138,-28.3792
1124,19.689203,-25.7098
2848,19.706877,-11.2922
39,19.70764,-64.3872
106,19.712534,-58.5241
3440,19.721926,-15.9745
1690,19.764046,-27.1655
2356,19.80901,-27.108
966,19.836512,-37.2283
1584,19.839621,-4.72204
3144,19.853102,-19.2524
1431,19.854391,-9.21103
1620,19.858727,-30.9859
332,19.865358,-41.5224
1676,19.887558,-14.3887
81,19.901739,-41.0119
1016,19.902277,-3.82969
2064,19.911585,-30.4894
878,19.942482,-10.194
1731,19.952229,-29.5544
2362,19.955708,-24.9321
390,19.959206,-29.0054
762,19.969929,-20.8671
2400,19.983007,-15.2345
1563,20.018122,-18.6805
967,20.021637,-19.2947
1591,20.034754,-27.4005
3019,20.035908,-19.177
1268,20.054422,-11.729
1872,20.058071,-25.5323
1259,20.063776,-27.7978
3088,20.071054,-13.2571
2981,20.071638,-15.3816
2198,20.113029,-16.8685
2865,20.113483,-25.038
1638,20.140022,-22.7823
2093,20.143179,8.03391
2018,20.201317,-7.34225
2491,20.209494,-20.8796
2119,20.217875,2.57216
3234,20.235792,-13.5352
1083,20.241058,-33.6949
2413,20.278206,-16.8943
2384,20.286659,-16.7151
932,20.296698,-29.4577
1617,20.306553,-24.5527
2259,20.320704,-33.683
3300,20.331573,-5.27779
2938,20.394356,-28.431
2281,20.415237,-18.0428
1466,20.438578,-25.9896
1120,20.450005,-13.6336
1020,20.462029,-33.9634
3124,20.463293,-26.068
1155,20.490314,-23.9331
1644,20.491234,-12.371
354,20.494211,-44.8985
1703,20.514168,-30.1217
2090,20.523911,-16.4787
1589,20.524265,-24.0573
1915,20.532534,-20.5466
1535,20.545862,-22.661
1899,20.552343,-31.3807
2705,20.555763,-17.1726
1903,20.575113,-31.5671
3356,20.60269,-19.5112
2708,20.613886,-21.523
666,20.64076,-23.7833
1931,20.645472,-32.7081
1686,20.65876,-17.5327
1337,20.661282,-35.0377
1610,20.683475,-7.34218
1327,20.694096,-18.905
2560,20.725029,-18.6798
2564,20.732157,-16.1819
3364,20.735241,-21.0964
2414,20.762943,-11.1008
1949,20.768703,-19.0282
3116,20.769156,-15.2315
3156,20.775879,-27.6839
2299,20.776838,-31.2004
2459,20.844015,-25.8706
3194,20.880369,-13.022
843,20.884186,-38.9567
2071,20.884247,-37.4383
552,20.929253,-27.8588
542,20.938501,-26.9125
1049,21.000771,-15.7018
3037,21.002811,-30.3965
1634,21.027878,-44.6546
2794,21.074232,-0.174459
834,21.103636,-35.6445
2741,21.106665,-24.3899
2172,21.116646,-16.1767
1886,21.126883,-31.7731
1965,21.134369,-7.51266
3187,21.134726,-32.3804
2147,21.137947,-21.0797
1794,21.152279,-23.878
2173,21.154757,-25.9541
1645,21.172136,-37.4781
3165,21.186712,-22.8683
2638,21.190386,-28.5466
2824,21.191536,-16.5142
3205,21.223555,-28.8646
1588,21.312933,-34.0179
745,21.320518,-25.8352
3056,21.337637,-21.6842
1932,21.367765,-38.0945
3090,21.371155,-24.6951
2081,21.373402,-34.1168
2964,21.394485,-18.2761
2058,21.473516,-12.2151
2542,21.473782,-26.8661
224,21.495085,-26.6206
1476,21.499193,-24.8971
1907,21.502823,-32.987
2883,21.54454,-22.7152
3042,21.545231,-15.6601
2088,21.571556,-22.7784
3275,21.597496,-6.59024
1481,21.597662,-32.8583
1242,21.606777,-43.1802
2110,21.627598,-29.061
3022,21.641315,-19.6896
768,21.641796,-22.0305
2507,21.642132,-25.5759
612,21.64415,-10.2509
2802,21.647869,-29.3116
2467,21.654034,-34.6225
1753,21.716537,-9.88251
2203,21.722538,-25.4984
152,21.752831,-26.2337
1418,21.755634,-24.2696
1173,21.773457,-22.9705
196,21.773926,-27.8012
1677,21.793085,-5.61089
1039,21.799803,-21.896
1830,21.800253,-18.1935
557,21.804693,-26.502
2872,21.847942,-20.4083
2961,21.850925,-25.8082
2096,21.856924,-13.9198
397,21.858042,-18.005
1050,21.87182,-23.1615
2494,21.888332,-27.1509
1275,21.921625,-17.9603
2035,21.959356,-8.65852
2518,21.989956,-5.44571
2821,22.079813,-23.1596
2627,22.087954,-4.21691
2426,22.105476,-16.2443
681,22.105595,-19.1336
1185,22.10927,-17.1259
451,22.109694,-17.1723
1074,22.117849,-17.028
1985,22.140936,-35.4957
1247,22.178841,-20.5961
2287,22.19725,-17.7853
2195,22.220573,-31.9583
2444,22.227736,-23.4602
3359,22.272669,-10.1713
566,22.31197,-18.5432
914,22.354235,-12.8779
685,22.369097,-17.8481
3151,22.375885,-22.0594
3093,22.399675,-24.9609
751,22.457396,-35.9573
2621,22.51594,-29.1964
1139,22.557264,-41.6815
1510,22.623974,-34.0465
1936,22.632507,-26.8759
1370,22.636358,-34.9481
3271,22.659277,-18.8132
1788,22.660725,-34.6075
2484,22.678339,-26.3861
2085,22.753441,-19.8086
3406,22.831587,-9.55471
2156,22.832472,-30.2133
2582,22.892115,-36.0098
980,22.965137,-28.7006
2826,22.966949,-30.4322
1102,22.973732,-31.429
2730,23.289545,-28.761
2679,23.389709,-27.2325
1933,23.399012,-28.7994
1811,23.419207,-25.4714
2024,23.43174,-3.00289
3338,23.439568,-16.5136
1751,23.508493,-28.833
2926,23.545818,-18.2514
2487,23.634748,-16.9763
2572,23.668926,-20.8347
1738,23.682924,-27.4522
3422,23.704357,-12.537
1592,23.720272,-23.0444
2842,23.727499,-19.7313
2291,23.760019,-12.855
1656,23.761442,-27.5098
1649,23.838535,-35.2456
2656,23.883469,-25.5329
3225,23.975634,-19.8083
2327,23.99773,-19.8975
1683,24.020954,-7.69356
2892,24.031597,-12.2943
2011,24.055992,-33.6492
2797,24.065815,-24.8191
2169,24.069468,-35.8603
2703,24.071182,-16.6781
2066,24.19342,-25.5593
1608,24.216221,-21.7377
2744,24.253456,-18.9419
2691,24.262783,-32.5248
2762,24.269167,-35.8148
1705,24.290527,-32.3674
3246,24.438356,-14.9138
2395,24.473431,-8.45669
1595,24.490028,-33.6479
1170,24.504168,-36.2412
1221,24.512712,-30.9004
1508,24.523129,-9.58755
1365,24.534075,-36.9745
3123,24.547043,-15.1733
2323,24.623327,-31.3265
1739,24.675755,-26.3427
3126,24.700136,-24.0323
3043,24.78273,-20.5457
2544,24.840128,-31.704
2373,24.8605,-12.5273
1150,24.906765,-37.0541
2364,24.947182,-30.0951
937,24.951689,-41.9419
2898,24.969101,-23.4072
2728,24.972738,-22.933
3199,25.008133,-19.8989
2415,25.011395,-35.6369
3168,25.090128,-10.5649
2784,25.150059,-25.5972
2509,25.160398,-25.708
1854,25.24815,-27.1806
2808,25.360849,-13.0068
2376,25.366497,-31.405
2543,25.39122,-23.06
2697,25.461687,-13.2743
3169,25.511892,-20.4697
571,25.529022,-39.3483
3224,25.631908,-12.6289
2344,25.675661,-29.3028
1974,25.682455,-30.9605
3313,25.683559,-18.6485
1198,25.695332,-32.5764
1799,25.730295,-31.5948
2920,25.741478,-19.1088
3069,25.762077,-14.6836
2418,25.790005,-35.6083
2480,25.855909,-24.936
3286,25.883564,-19.65
3106,25.90081,-13.5645
1497,25.965446,-28.8056
2641,26.076044,-21.5483
2321,26.102528,-20.5998
1204,26.156597,-28.0113
2431,26.182995,-21.6987
1629,26.214989,-29.3231
1807,26.286358,-29.0172
2285,26.334362,-25.2879
2726,26.335619,-29.8742
826,26.354328,-34.1155
2365,26.386818,-34.1156
2788,26.389696,-23.9572
1550,26.429918,-27.453
3311,26.479017,-15.3265
2807,26.500534,-25.8253
2690,26.521748,-7.73491
2664,26.538139,-23.0734
3164,26.549751,-9.73462
1062,26.575525,-32.1977
3002,26.605433,-12.1353
709,26.686558,-34.4971
1653,26.689949,-34.8575
2825,26.705118,-18.6385
2367,26.754097,-26.987
2549,26.756039,-21.5512
2424,26.867565,-16.9862
2153,26.86825,-31.8682
2712,26.893854,-24.6636
1970,26.943422,-32.652
1668,26.973364,-35.2639
1485,26.997179,-32.7709
2619,27.259878,-13.9041
2241,27.289272,-26.8502
3322,27.527924,-14.8902
3185,27.63641,-19.4366
3017,27.755144,-21.1166
3013,27.92091,-19.8715
3237,30.683865,14.4816
1031,30.750761,-3.53093
3254,33.754971,13.7396
2939,33.828621,18.0319
2408,33.931007,1.56517
2584,34.460968,3.25939
3332,34.541489,18.8488
679,34.548115,-6.456
1922,34.562588,-5.45082
2252,34.572727,7.91959
2312,34.591724,-2.80602
3240,34.59198,12.6331
1895,34.659954,3.94502
3433,34.688694,33.0107
197,34.937366,-23.5539
3452,35.247734,13.2199
2907,35.991425,9.71593
809,36.834629,-21.5513
323,36.880707,-12.1993
69,36.905014,-18.4704
1357,36.941097,7.27892
2993,37.348248,13.5308
540,37.379009,-4.81414
3153,37.406506,1.06222
3110,37.615932,21.7305
1823,37.826256,9.41799
2041,37.878773,0.392668
2962,37.887287,6.90368
985,37.891987,-7.33921
2266,38.925903,5.23166
309,38.951805,-14.5917
236,38.983257,-12.5214
2896,38.988495,16.6435
428,38.99242,-6.01315
1367,39.05209,12.5387
3369,39.131355,32.9594
910,39.154507,-9.38682
1434,39.184517,-2.44105
1582,39.545452,14.3143
2985,40.559658,1.67743
1166,40.877213,14.2808
776,41.096733,-5.44609
1587,41.098541,8.86417
747,41.181633,-7.95289
1673,41.53273,-4.42293
2386,41.55864,-0.771504
1678,41.584579,-0.244156
3091,41.852097,19.8898
1607,41.981724,12.6621
2624,42.562061,20.396
1472,42.692005,9.97077
2054,42.703575,8.24084
380,44.167351,-3.13908
420,44.282131,-6.21548
2482,44.362793,-9.27059
3010,44.670719,17.4393
3370,44.771458,15.8987
